Rk,Player,Pos,Age,Tm,G,GS,MP,FG,FGA,FG%,3P,3PA,3P%,2P,2PA,2P%,FT,FTA,FT%,ORB,DRB,TRB,AST,STL,BLK,TOV,PF,PTS,,ORtg,DRtg,Player-additional
1,Tariq Abdul-Wahad,SG,27,TOT,24,12,441,6.6,17.7,.374,0.1,0.2,.500,6.5,17.4,.372,2.9,4.0,.727,4.9,5.2,10.1,2.9,2.4,1.2,3.2,6.7,16.2,,90,107,abdulta01
1,Tariq Abdul-Wahad,SG,27,DEN,20,12,417,7.0,18.5,.379,0.1,0.3,.500,6.9,18.2,.378,3.1,4.1,.750,5.0,5.0,9.9,2.8,2.3,1.1,3.1,6.5,17.2,,92,108,abdulta01
1,Tariq Abdul-Wahad,SG,27,DAL,4,0,24,0.0,4.3,.000,0.0,0.0,,0.0,4.3,.000,0.0,2.2,.000,4.3,8.6,12.9,4.3,4.3,2.2,6.5,10.8,0.0,,41,99,abdulta01
2,Shareef Abdur-Rahim,PF,25,ATL,77,77,2980,10.5,22.7,.461,0.4,1.2,.300,10.1,21.5,.470,7.3,9.2,.801,3.5,8.7,12.2,4.2,1.7,1.4,4.4,3.8,28.7,,105,105,abdursh01
3,Courtney Alexander,SG,24,WAS,56,28,1325,9.1,19.4,.470,0.2,0.7,.278,8.9,18.7,.478,4.0,5.0,.810,1.8,4.3,6.1,3.5,1.4,0.3,2.5,4.6,22.5,,106,109,alexaco02
4,Victor Alexander,C,32,DET,15,0,97,9.9,28.0,.353,0.0,1.1,.000,9.9,26.9,.367,2.2,4.4,.500,3.8,12.1,15.9,3.3,0.0,0.5,2.7,3.3,22.0,,80,103,alexavi01
5,Malik Allen,PF,23,MIA,12,2,161,7.5,17.4,.431,0.0,0.3,.000,7.5,17.1,.440,2.7,3.4,.800,5.1,7.8,13.0,1.7,1.0,2.7,0.7,5.5,17.7,,108,99,allenma01
6,Ray Allen*,SG,26,MIL,69,67,2525,11.2,24.2,.462,4.8,11.1,.434,6.3,13.1,.485,4.5,5.2,.873,1.7,4.9,6.6,5.7,1.9,0.4,3.4,3.3,31.7,,116,109,allenra02
7,Rafer Alston,PG,25,MIL,50,7,600,5.9,16.9,.346,2.4,6.3,.380,3.5,10.6,.325,1.6,2.6,.621,0.9,5.5,6.4,12.7,2.8,0.2,3.5,3.7,15.7,,99,106,alstora01
8,John Amaechi,PF,31,UTA,54,0,586,4.9,15.1,.325,0.0,0.0,,4.9,15.1,.325,6.1,9.5,.638,4.7,5.2,9.9,2.6,0.6,0.9,5.0,5.8,15.9,,83,109,amaecjo01
9,Chris Andersen,C,23,DEN,24,1,262,5.1,15.0,.338,0.0,0.8,.000,5.1,14.2,.357,4.5,5.7,.786,7.7,7.7,15.4,1.4,1.4,5.7,2.6,7.1,14.6,,96,103,anderch01
10,Derek Anderson,SG,27,POR,70,27,1860,7.1,17.7,.404,2.5,6.6,.373,4.7,11.1,.422,5.1,6.0,.856,1.4,4.1,5.5,6.2,2.0,0.2,2.5,3.3,21.9,,114,107,anderde01
11,Kenny Anderson,PG,31,BOS,76,76,2430,6.7,15.3,.436,0.2,0.7,.273,6.5,14.6,.444,2.1,2.8,.742,1.2,4.7,5.9,8.6,3.0,0.2,2.5,4.5,15.6,,103,101,anderke01
12,Nick Anderson,SG,34,MEM,15,0,219,5.1,18.3,.276,3.1,11.5,.271,1.9,6.7,.286,1.2,2.2,.556,0.2,7.7,7.9,3.4,1.4,1.4,3.4,4.1,14.4,,74,106,anderni01
13,Shandon Anderson,SG,28,NYK,82,6,1596,5.0,12.5,.399,1.3,4.7,.277,3.7,7.8,.474,2.5,3.6,.692,1.9,6.4,8.3,2.5,1.6,0.5,3.3,4.5,13.8,,90,106,andersh01
14,Greg Anthony,PG,34,TOT,60,38,1514,6.4,16.7,.385,1.7,5.7,.294,4.7,10.9,.433,2.1,3.2,.659,0.8,3.9,4.6,9.9,2.7,0.2,3.3,4.0,16.6,,97,108,anthogr01
14,Greg Anthony,PG,34,CHI,36,35,961,6.2,15.8,.394,1.6,5.0,.322,4.6,10.9,.426,2.6,3.9,.671,0.9,4.0,4.9,11.2,2.7,0.2,3.2,4.0,16.7,,101,108,anthogr01
14,Greg Anthony,PG,34,MIL,24,3,553,6.7,18.1,.372,1.8,7.0,.260,4.9,11.1,.443,1.3,2.0,.619,0.6,3.7,4.2,7.6,2.7,0.1,3.5,4.0,16.5,,91,108,anthogr01
15,Gilbert Arenas,PG,20,GSW,47,30,1155,7.7,16.9,.453,1.7,5.0,.345,5.9,11.9,.498,5.5,7.0,.775,1.8,4.0,5.8,7.7,3.0,0.5,4.3,5.1,22.5,,110,108,arenagi01
16,Brandon Armstrong,SG,21,NJN,35,0,196,7.2,22.7,.318,1.3,4.5,.294,5.9,18.1,.324,1.3,2.7,.500,2.7,1.6,4.3,2.1,1.9,0.3,2.1,6.9,17.1,,79,104,armstbr01
17,Darrell Armstrong,PG,33,ORL,82,79,2730,6.5,15.6,.419,2.6,7.5,.349,3.9,8.1,.484,3.4,3.9,.888,1.6,4.5,6.0,8.5,3.0,0.2,3.3,3.1,19.1,,112,105,armstda01
18,Carlos Arroyo,PG,22,TOT,37,1,371,7.0,16.0,.441,0.0,0.3,.000,7.0,15.7,.450,1.9,2.6,.722,1.7,4.0,5.8,10.1,1.6,0.1,3.3,4.3,16.0,,101,110,arroyca01
18,Carlos Arroyo,PG,22,TOR,17,0,96,7.3,16.3,.448,0.0,0.0,,7.3,16.3,.448,2.3,3.4,.667,1.7,5.1,6.8,11.8,3.4,0.0,6.8,6.8,16.9,,89,102,arroyca01
18,Carlos Arroyo,PG,22,DEN,20,1,275,7.0,15.8,.439,0.0,0.4,.000,7.0,15.5,.450,1.7,2.3,.750,1.7,3.7,5.4,9.5,1.0,0.2,2.1,3.5,15.6,,107,112,arroyca01
19,Chucky Atkins,PG,27,DET,79,62,2285,8.6,18.4,.466,3.2,7.8,.411,5.4,10.6,.507,1.9,2.8,.692,0.7,3.0,3.7,6.1,1.7,0.3,3.0,4.1,22.3,,108,106,atkinch01
20,Stacey Augmon,SG,33,CHH,77,3,1319,5.7,13.3,.427,0.0,0.1,.000,5.7,13.2,.431,3.1,4.1,.762,2.4,6.7,9.1,4.2,2.3,0.5,2.2,4.7,14.5,,102,103,augmost01
21,Isaac Austin,C,32,MEM,21,8,307,6.2,15.8,.391,0.0,0.5,.000,6.2,15.3,.404,0.7,0.7,1.000,1.9,10.3,12.2,2.2,1.5,0.9,1.9,6.2,13.0,,85,104,austiis01
22,William Avery,PG,22,MIN,28,0,258,5.3,18.5,.289,1.2,7.2,.171,4.1,11.3,.364,2.7,3.9,.684,0.8,4.1,4.9,7.4,1.4,0.0,3.9,3.5,14.6,,81,108,averywi01
23,Dalibor Bagarić,C,21,CHI,50,0,638,6.0,14.8,.404,0.0,0.1,.000,6.0,14.7,.407,3.4,5.8,.586,4.6,8.9,13.5,1.9,1.4,2.0,3.8,9.0,15.4,,86,105,bagarda01
24,Vin Baker,C,30,SEA,55,41,1710,9.9,20.5,.485,0.0,0.3,.125,9.9,20.2,.490,4.5,7.1,.633,5.3,5.7,11.0,2.3,0.7,1.1,4.0,6.2,24.4,,101,109,bakervi01
25,Erick Barkley,PG,23,POR,19,4,228,5.7,16.0,.353,0.2,1.6,.143,5.4,14.4,.377,2.1,2.4,.900,1.2,3.1,4.2,8.0,4.0,0.2,2.8,6.8,13.7,,93,103,barkler01
26,Dana Barros,PG,34,DET,29,20,582,6.8,17.6,.385,2.2,6.5,.338,4.6,11.1,.413,1.9,2.5,.778,0.1,5.1,5.2,7.1,1.3,0.2,3.0,3.4,17.7,,96,106,barroda01
27,Brent Barry,SG,30,SEA,81,81,3040,7.1,14.0,.508,2.9,6.9,.424,4.2,7.1,.588,3.5,4.1,.846,1.0,6.8,7.8,7.6,2.6,0.7,2.9,3.2,20.6,,124,104,barrybr01
28,Jon Barry,SG,32,DET,82,6,1985,6.8,14.0,.489,3.3,6.9,.469,3.6,7.1,.508,2.9,3.1,.931,1.1,5.2,6.3,7.4,2.5,0.5,3.0,3.6,19.9,,120,103,barryjo01
29,Mengke Bateer,C,26,DEN,27,10,408,6.9,17.2,.402,0.5,1.6,.333,6.4,15.6,.408,3.8,4.8,.784,4.2,8.3,12.5,2.9,1.3,0.7,4.2,12.2,18.1,,92,107,bateeme01
30,Tony Battie,C,25,BOS,74,73,1819,6.0,11.1,.541,0.0,0.1,.000,6.0,11.1,.544,2.5,3.7,.677,5.2,8.5,13.7,1.0,1.7,1.9,1.5,6.2,14.6,,118,99,battito01
31,Shane Battier,SF,23,MEM,78,78,3097,7.0,16.3,.429,1.8,4.7,.373,5.3,11.7,.451,3.4,4.8,.700,3.1,4.0,7.1,3.7,2.1,1.4,2.6,3.7,19.1,,104,107,battish01
32,Charlie Bell,SG,22,TOT,7,0,44,3.6,13.1,.273,0.0,7.2,.000,3.6,6.0,.600,2.4,2.4,1.000,2.4,3.6,6.0,2.4,0.0,0.0,6.0,3.6,9.5,,61,111,bellch01
32,Charlie Bell,SG,22,PHO,5,0,42,3.7,13.7,.273,0.0,7.5,.000,3.7,6.2,.600,2.5,2.5,1.000,2.5,2.5,5.0,2.5,0.0,0.0,6.2,3.7,10.0,,61,112,bellch01
32,Charlie Bell,SG,22,DAL,2,0,2,0.0,0.0,,0.0,0.0,,0.0,0.0,,0.0,0.0,,0.0,25.9,25.9,0.0,0.0,0.0,0.0,0.0,0.0,,,99,bellch01
33,Raja Bell,SG,25,PHI,74,12,890,6.2,14.6,.429,0.7,2.7,.273,5.5,11.9,.464,2.2,2.9,.750,1.9,4.9,6.7,4.3,1.3,0.2,2.9,6.6,15.4,,97,104,bellra01
34,Jonathan Bender,SF,21,IND,78,17,1647,6.3,14.6,.430,1.4,4.0,.360,4.9,10.6,.457,4.4,5.7,.773,2.0,5.7,7.7,2.0,0.6,1.6,3.0,4.7,18.4,,101,107,bendejo01
35,Travis Best,PG,29,TOT,74,21,1747,6.9,15.6,.440,0.6,1.8,.356,6.2,13.8,.451,3.1,3.5,.897,0.6,3.9,4.5,9.8,2.7,0.2,3.0,5.2,17.5,,106,106,besttr01
35,Travis Best,PG,29,IND,44,3,954,6.3,14.4,.439,0.7,1.9,.382,5.6,12.6,.448,3.1,3.6,.877,0.5,3.3,3.8,9.6,3.1,0.3,3.2,5.5,16.5,,105,104,besttr01
35,Travis Best,PG,29,CHI,30,18,793,7.5,17.0,.441,0.5,1.7,.320,7.0,15.3,.454,3.1,3.4,.922,0.7,4.7,5.4,10.0,2.1,0.1,2.7,4.8,18.7,,107,109,besttr01
36,Mike Bibby,PG,23,SAC,80,80,2659,8.4,18.6,.453,1.0,2.6,.370,7.5,16.0,.466,2.9,3.6,.803,0.7,3.5,4.2,7.6,1.6,0.3,2.5,2.5,20.7,,107,105,bibbymi01
37,Chauncey Billups,PG,25,MIN,82,54,2355,7.8,18.5,.423,2.8,7.1,.394,5.0,11.4,.441,4.7,5.3,.885,0.8,4.3,5.1,10.1,1.5,0.4,3.1,3.8,23.1,,116,108,billuch01
38,Mookie Blaylock,PG,34,GSW,35,0,599,4.2,12.4,.342,1.3,3.6,.357,3.0,8.8,.337,0.3,0.7,.500,0.7,3.7,4.4,9.7,2.0,0.3,3.1,1.7,10.1,,92,111,blaylmo01
39,Corie Blount,PF,33,PHI,72,21,1426,4.4,9.5,.458,0.0,0.0,.000,4.4,9.5,.460,1.1,1.7,.644,5.6,8.3,13.9,1.7,1.9,1.0,2.0,6.7,9.8,,103,100,blounco01
40,Mark Blount,C,26,BOS,44,0,415,4.0,9.5,.421,0.0,0.0,,4.0,9.5,.421,3.8,4.6,.811,3.3,7.4,10.6,1.3,2.0,2.4,2.9,7.4,11.8,,96,99,blounma01
41,Calvin Booth,C,25,SEA,15,15,279,6.8,15.8,.427,0.0,0.0,,6.8,15.8,.427,4.4,4.6,.958,3.9,6.6,10.4,3.1,1.2,2.5,3.1,9.1,18.0,,103,105,boothca01
42,Ruben Boumtje-Boumtje,C,23,POR,33,1,245,2.9,7.0,.406,0.0,0.0,,2.9,7.0,.406,2.9,5.5,.520,4.6,7.5,12.1,0.9,0.7,3.5,3.1,8.3,8.6,,88,103,boumtru01
43,Cal Bowdler,PF,24,ATL,52,0,585,5.4,15.5,.351,0.1,0.4,.200,5.4,15.1,.355,3.5,4.2,.830,3.4,6.4,9.8,1.0,1.6,1.3,1.0,5.7,14.5,,96,106,bowdlca01
44,Bruce Bowen,SF,30,SAS,59,59,1699,4.9,12.5,.389,1.8,4.6,.378,3.1,7.8,.396,1.4,3.0,.479,1.3,3.8,5.1,2.8,1.9,0.8,2.1,3.6,12.9,,94,102,bowenbr01
45,Ryan Bowen,SF,26,DEN,75,21,1686,4.6,9.7,.479,0.0,0.4,.083,4.6,9.3,.495,2.2,2.9,.750,4.2,5.2,9.4,1.6,2.4,1.3,1.3,5.4,11.5,,113,107,bowenry01
46,Ira Bowman,SG,28,PHI,3,0,29,9.3,13.0,.714,0.0,1.9,.000,9.3,11.2,.833,0.0,0.0,,0.0,1.9,1.9,1.9,3.7,0.0,0.0,5.6,18.6,,147,101,bowmair01
47,Earl Boykins,PG,25,LAC,68,2,761,7.7,19.3,.400,0.9,2.9,.310,6.8,16.3,.416,3.3,4.3,.770,1.9,1.9,3.8,10.2,1.4,0.1,3.1,3.1,19.6,,105,111,boykiea01
48,Michael Bradley,PF,22,TOR,26,0,118,6.0,11.5,.520,0.0,0.9,.000,6.0,10.5,.565,1.8,3.7,.500,3.2,7.8,11.0,1.4,0.0,2.7,2.7,4.6,13.7,,97,105,bradlmi01
49,Shawn Bradley,C,29,DAL,53,16,757,5.3,11.1,.479,0.0,0.1,.000,5.3,11.1,.481,4.0,4.4,.922,3.6,8.4,12.0,1.4,1.9,4.4,1.7,8.7,14.7,,116,102,bradlsh01
50,Elton Brand,PF,22,LAC,80,80,3020,9.4,17.8,.527,0.0,0.0,,9.4,17.8,.527,6.9,9.2,.742,7.0,9.3,16.3,3.4,1.4,2.9,3.1,4.5,25.6,,120,103,brandel01
51,Terrell Brandon,PG,31,MIN,32,28,962,8.5,20.1,.425,0.2,1.3,.174,8.3,18.9,.442,4.6,4.6,.988,0.9,4.2,5.1,14.6,2.9,0.3,2.4,2.7,21.9,,117,105,brandte01
52,Jamison Brewer,SG,21,IND,13,0,43,2.4,6.1,.400,0.0,1.2,.000,2.4,4.9,.500,0.0,0.0,,2.4,7.3,9.7,10.9,2.4,0.0,3.6,3.6,4.9,,95,103,breweja01
53,Primož Brezec,C,22,IND,22,4,160,4.6,9.5,.483,0.0,0.0,,4.6,9.5,.483,4.9,8.2,.600,5.2,3.9,9.1,2.0,0.0,2.3,2.0,9.1,14.0,,113,108,brezepr01
54,Chucky Brown,SF,33,SAC,18,0,92,5.5,14.7,.370,0.0,0.0,,5.5,14.7,.370,0.5,1.1,.500,5.5,12.6,18.0,3.3,1.1,2.2,2.7,6.6,11.5,,88,98,brownch01
55,Damone Brown,SF,22,PHI,17,0,67,6.4,16.9,.381,0.0,0.8,.000,6.4,16.1,.400,5.6,6.4,.875,1.6,1.6,3.2,1.6,0.8,0.8,7.3,8.9,18.5,,76,107,brownda02
56,Dee Brown,PG,33,ORL,7,0,65,2.4,15.8,.150,0.8,9.5,.083,1.6,6.3,.250,0.0,0.0,,0.0,7.1,7.1,1.6,2.4,0.8,3.2,3.2,5.5,,37,104,brownde01
57,Ernest Brown,C,22,MIA,3,0,21,2.6,15.7,.167,0.0,0.0,,2.6,15.7,.167,2.6,10.5,.250,2.6,13.1,15.7,0.0,0.0,2.6,7.8,10.5,7.8,,35,98,browner01
58,Kedrick Brown,SF,20,BOS,29,5,245,4.9,14.8,.329,1.1,5.7,.185,3.8,9.1,.419,2.5,4.2,.600,2.3,8.3,10.6,3.2,3.8,1.5,1.5,3.8,13.3,,90,96,brownke01
59,Kwame Brown,PF,19,WAS,57,3,817,6.3,16.2,.387,0.0,0.1,.000,6.3,16.1,.388,4.7,6.6,.707,4.2,9.0,13.2,2.9,1.1,1.7,2.9,7.0,17.2,,96,105,brownkw01
60,P.J. Brown,C,32,CHH,80,80,2563,5.2,11.0,.474,0.0,0.0,,5.2,11.0,.474,3.5,4.1,.858,5.7,10.7,16.4,2.2,1.2,1.6,1.8,4.6,14.0,,118,101,brownpj01
61,Randy Brown,PG,33,BOS,1,0,6,0.0,8.6,.000,0.0,0.0,,0.0,8.6,.000,0.0,0.0,,0.0,0.0,0.0,17.3,0.0,8.6,0.0,8.6,0.0,,84,102,brownra02
62,Tierre Brown,SG,22,HOU,40,1,403,6.6,15.5,.426,0.5,1.6,.333,6.1,13.9,.437,2.8,3.8,.750,1.6,4.1,5.7,9.5,2.6,0.4,5.4,3.5,16.6,,94,109,brownti01
63,Rick Brunson,PG,29,POR,59,2,520,4.6,11.7,.398,0.6,1.1,.545,4.0,10.5,.382,3.0,4.2,.707,2.4,4.6,7.0,11.8,2.6,0.2,4.9,5.3,12.9,,99,105,brunsri01
64,Kobe Bryant*,SG,23,LAL,80,80,3063,12.7,27.2,.469,0.6,2.2,.250,12.2,24.9,.489,8.3,10.0,.829,1.9,5.6,7.5,7.5,2.0,0.6,3.8,3.9,34.4,,112,103,bryanko01
65,Mark Bryant,PF,36,SAS,30,3,206,6.5,14.2,.455,0.0,0.0,,6.5,14.2,.455,1.6,2.1,.750,6.5,4.9,11.4,2.6,1.8,0.5,1.6,9.8,14.5,,111,102,bryanma01
66,Greg Buckner,SG,25,DAL,44,16,885,6.1,11.6,.525,0.3,0.9,.313,5.8,10.6,.544,2.3,3.4,.690,3.9,6.2,10.1,2.8,1.8,1.1,1.6,7.2,14.8,,119,107,buckngr01
67,Jud Buechler,SF,33,TOT,66,2,684,3.3,8.9,.373,1.6,4.5,.350,1.7,4.4,.397,0.2,0.3,.500,2.2,6.6,8.7,2.4,1.6,0.6,1.1,4.0,8.4,,102,106,buechju01
67,Jud Buechler,SF,33,PHO,6,0,54,1.9,5.8,.333,1.9,5.8,.333,0.0,0.0,,0.0,0.0,,1.9,5.8,7.8,2.9,1.0,0.0,1.0,6.8,5.8,,112,107,buechju01
67,Jud Buechler,SF,33,ORL,60,2,630,3.4,9.2,.375,1.6,4.4,.352,1.9,4.7,.397,0.2,0.3,.500,2.2,6.6,8.8,2.4,1.6,0.7,1.1,3.8,8.6,,102,106,buechju01
68,Rodney Buford,SG,24,MEM,63,21,1769,7.7,17.7,.435,0.5,2.1,.243,7.2,15.6,.461,1.7,2.4,.725,1.5,6.6,8.1,2.1,1.3,0.4,1.9,3.3,17.6,,95,108,buforro01
69,Matt Bullard,PF,34,CHH,31,0,350,6.0,17.6,.339,2.4,8.7,.281,3.5,8.9,.397,1.7,1.8,.917,1.5,5.7,7.2,2.4,0.3,0.3,1.8,4.4,16.1,,94,108,bullama01
70,Mitchell Butler,SG,31,POR,11,0,90,6.0,13.7,.435,0.6,1.8,.333,5.4,11.9,.450,4.8,7.2,.667,3.6,4.8,8.4,3.0,0.0,0.6,3.0,6.0,17.3,,104,110,butlemi02
71,Jason Caffey,PF,28,MIL,23,0,283,6.8,13.5,.500,0.0,0.2,.000,6.8,13.3,.507,5.1,8.1,.628,4.5,4.9,9.4,2.3,0.8,0.9,3.6,7.3,18.6,,104,110,caffeja01
72,Marcus Camby,C,27,NYK,29,29,1007,6.9,15.4,.448,0.0,0.1,.000,6.9,15.4,.450,3.3,5.3,.626,4.7,12.4,17.1,1.8,1.8,2.7,2.2,5.7,17.1,,100,100,cambyma01
73,Elden Campbell,PF,33,CHH,77,74,2156,9.5,19.7,.484,0.0,0.0,.000,9.5,19.7,.485,7.6,9.5,.797,3.3,9.9,13.2,2.5,1.5,3.4,3.4,6.6,26.7,,109,100,campbel01
74,Brian Cardinal,PF,24,DET,8,0,43,7.4,16.1,.462,3.7,8.7,.429,3.7,7.4,.500,2.5,2.5,1.000,2.5,5.0,7.4,2.5,1.2,0.0,0.0,6.2,21.1,,134,106,cardibr01
75,Anthony Carter,PG,26,MIA,46,18,1050,4.7,13.6,.342,0.1,1.0,.053,4.6,12.6,.365,1.0,1.9,.528,1.0,5.1,6.1,11.2,2.6,0.2,3.8,4.4,10.4,,84,100,cartean01
76,Vince Carter,SG,25,TOR,60,60,2385,12.7,29.6,.428,2.7,7.1,.387,9.9,22.5,.441,5.6,7.0,.798,3.1,4.0,7.1,5.4,2.1,1.0,3.5,4.3,33.6,,107,105,cartevi01
77,Sam Cassell,PG,32,MIL,74,73,2605,11.3,24.4,.463,1.5,4.2,.348,9.9,20.3,.486,5.8,6.7,.860,1.1,5.3,6.4,10.1,1.8,0.2,3.6,4.2,29.8,,112,109,cassesa01
78,Kelvin Cato,C,27,HOU,75,73,1917,5.4,9.3,.583,0.0,0.0,.000,5.4,9.2,.585,3.2,5.5,.582,5.0,9.9,14.9,0.8,1.1,2.7,1.5,5.9,14.0,,122,106,catoke01
79,Tyson Chandler,C,19,CHI,71,31,1389,5.8,11.6,.497,0.0,0.0,,5.8,11.6,.497,5.1,8.5,.604,4.4,8.7,13.1,2.1,1.1,3.5,3.8,6.8,16.6,,99,105,chandty01
80,Calbert Cheaney,SG,30,DEN,68,47,1631,7.3,15.2,.481,0.0,0.1,.000,7.3,15.0,.485,1.5,2.2,.687,1.9,6.0,7.8,3.6,1.1,0.7,2.3,5.1,16.1,,100,110,cheanca01
81,Chris Childs,PG,34,TOR,69,4,1576,3.3,10.2,.328,1.1,4.1,.275,2.2,6.0,.364,2.0,2.4,.817,0.6,4.7,5.3,12.0,1.9,0.2,4.2,6.1,9.8,,94,105,childch01
82,Doug Christie,SG,31,SAC,81,81,2798,6.1,13.2,.460,1.6,4.6,.352,4.5,8.6,.518,3.7,4.3,.851,1.3,5.4,6.7,6.1,2.9,0.4,2.9,3.8,17.4,,112,101,chrisdo01
83,Keon Clark,C,26,TOR,81,31,2185,9.4,19.2,.490,0.0,0.1,.000,9.4,19.1,.494,3.8,5.7,.674,4.5,10.4,14.9,2.2,1.4,3.0,3.5,6.4,22.6,,102,99,clarkke01
84,Speedy Claxton,PG,23,PHI,67,18,1528,6.4,16.0,.400,0.1,1.2,.121,6.3,14.8,.422,4.0,4.8,.838,1.6,4.0,5.7,7.0,3.4,0.2,3.4,5.1,17.0,,98,100,claxtsp01
85,Mateen Cleaves,PG,24,SAC,32,0,153,9.8,22.3,.441,0.7,2.6,.250,9.2,19.7,.467,2.6,3.0,.889,0.3,2.3,2.6,8.2,2.3,0.0,8.9,3.0,23.0,,81,105,cleavma01
86,Derrick Coleman,PF,34,PHI,58,58,2080,8.6,19.1,.450,0.7,2.2,.337,7.9,16.9,.465,4.8,5.9,.815,4.3,8.9,13.2,2.5,1.1,1.3,3.1,4.1,22.7,,106,101,colemde01
87,Bimbo Coles,PG,33,CLE,47,1,693,4.3,11.2,.384,0.3,1.5,.200,4.0,9.7,.413,2.5,2.8,.892,0.9,3.3,4.2,8.2,1.0,0.3,2.4,4.5,11.4,,102,113,colesbi01
88,Jason Collier,C,24,HOU,25,2,365,6.1,14.2,.432,0.0,0.1,.000,6.1,14.0,.436,3.6,4.8,.750,4.6,7.6,12.2,1.3,0.9,0.6,1.9,6.0,15.8,,105,110,collija02
89,Jarron Collins,C,23,UTA,70,68,1440,5.8,12.7,.461,0.0,0.0,.000,5.8,12.6,.462,4.9,6.7,.740,5.1,5.8,10.9,2.1,1.1,0.8,2.1,8.6,16.6,,113,107,collija03
90,Jason Collins,C,23,NJN,77,9,1407,4.3,10.3,.421,0.0,0.1,.500,4.3,10.3,.420,4.3,6.1,.701,4.9,6.3,11.2,3.0,1.1,1.7,2.7,6.4,13.0,,104,101,collija04
91,Chris Crawford,PF,26,ATL,7,4,131,8.4,17.9,.467,0.0,0.4,.000,8.4,17.5,.477,4.4,6.0,.733,3.6,6.4,10.0,2.0,0.8,2.0,4.0,8.4,21.1,,96,107,crawfch01
92,Jamal Crawford,PG,21,CHI,23,6,481,9.8,20.6,.476,2.9,6.4,.448,6.9,14.2,.488,1.1,1.4,.769,0.6,3.2,3.7,6.1,2.0,0.6,3.5,2.0,23.6,,102,110,crawfja01
93,Joe Crispin,PG,22,TOT,21,0,156,8.7,22.9,.382,5.0,13.1,.385,3.7,9.7,.379,4.0,4.4,.923,0.7,3.0,3.7,8.7,1.7,0.0,3.4,3.4,26.6,,111,108,crispjo01
93,Joe Crispin,PG,22,LAL,6,0,27,5.8,23.2,.250,0.0,7.7,.000,5.8,15.4,.375,7.7,9.7,.800,0.0,1.9,1.9,3.9,1.9,0.0,1.9,3.9,19.3,,81,106,crispjo01
93,Joe Crispin,PG,22,PHO,15,0,129,9.4,22.8,.411,6.1,14.2,.429,3.3,8.5,.381,3.3,3.3,1.000,0.8,3.3,4.1,9.8,1.6,0.0,3.7,3.3,28.1,,117,108,crispjo01
94,Austin Croshere,PF,26,IND,76,1,1286,7.5,18.2,.413,2.0,5.9,.338,5.5,12.3,.449,3.9,4.6,.851,3.0,8.9,11.9,3.1,1.1,1.2,2.7,4.3,20.9,,104,104,croshau01
95,John Crotty,PG,32,UTA,41,0,802,6.5,13.8,.471,2.1,4.6,.449,4.4,9.2,.482,3.8,4.4,.864,1.1,3.9,5.0,9.4,1.3,0.1,3.4,5.1,18.8,,117,109,crottjo01
96,Vonteego Cummings,PG,25,PHI,58,1,501,8.4,20.2,.417,1.3,5.0,.261,7.1,15.2,.468,2.6,3.4,.750,1.5,4.1,5.6,6.5,1.9,0.5,3.9,5.7,20.7,,96,103,cummivo01
97,Dell Curry,SG,37,TOR,56,4,886,8.6,21.2,.406,2.7,8.0,.344,5.9,13.2,.444,2.0,2.3,.892,1.4,3.5,4.9,3.7,1.3,0.4,2.5,3.1,22.0,,101,107,curryde01
98,Eddy Curry,C,19,CHI,72,31,1150,8.7,17.4,.501,0.0,0.0,,8.7,17.4,.501,4.8,7.4,.656,5.1,7.4,12.5,1.2,0.7,2.4,3.2,8.0,22.3,,103,107,curryed01
99,Michael Curry,SG,33,DET,82,75,1912,3.5,7.7,.453,0.2,0.7,.269,3.3,7.0,.472,2.0,2.5,.791,0.4,4.3,4.7,3.5,1.3,0.3,1.7,5.8,9.2,,102,106,currymi01
100,Samuel Dalembert,C,20,PHI,34,0,177,6.7,15.3,.440,0.0,0.0,,6.7,15.3,.440,2.1,5.5,.389,7.6,13.1,20.7,1.5,1.8,4.0,4.3,9.2,15.6,,88,93,dalemsa01
101,Erick Dampier,C,26,GSW,73,46,1740,6.1,14.0,.435,0.0,0.0,,6.1,14.0,.435,4.0,6.2,.645,4.9,6.4,11.3,2.5,0.5,4.9,4.6,6.9,16.2,,92,108,dampier01
102,Antonio Daniels,SG,26,SAS,82,13,2175,6.6,15.0,.440,1.4,4.8,.291,5.2,10.2,.510,3.9,5.1,.752,0.6,3.8,4.3,5.6,1.2,0.3,1.7,2.5,18.5,,113,104,daniean01
103,Antonio Davis,PF,33,TOR,77,77,2978,7.4,17.5,.426,0.0,0.0,.000,7.4,17.5,.426,5.3,6.5,.818,4.6,8.8,13.4,2.8,1.0,1.5,2.9,4.1,20.2,,104,103,davisan01
104,Baron Davis,PG,22,CHH,82,82,3318,9.0,21.6,.417,2.7,7.7,.356,6.3,13.9,.451,3.2,5.5,.580,1.5,4.1,5.6,11.3,2.8,0.8,4.0,3.9,23.9,,105,104,davisba01
105,Dale Davis,C,32,POR,78,77,2447,6.5,12.7,.510,0.0,0.0,,6.5,12.7,.510,3.3,4.7,.708,5.8,9.4,15.1,2.1,1.4,1.8,1.4,4.2,16.3,,122,103,davisda01
106,Emanual Davis,PG,33,ATL,28,20,774,4.7,13.4,.354,2.0,5.7,.341,2.8,7.6,.363,1.1,1.2,.889,1.3,3.7,5.0,4.6,1.8,0.3,3.5,4.6,12.5,,87,109,davisem01
107,Hubert Davis,SG,31,WAS,51,17,1231,6.4,14.4,.448,2.5,5.6,.452,3.9,8.8,.445,0.7,0.9,.762,0.3,3.1,3.4,4.7,1.2,0.1,1.9,2.6,16.1,,109,111,davishu01
108,Ricky Davis,SF,22,CLE,82,8,1954,10.2,21.3,.481,0.3,1.0,.314,9.9,20.3,.489,5.3,6.7,.790,1.7,4.9,6.6,4.8,1.9,0.6,4.0,3.9,26.1,,103,109,davisri01
109,Andrew DeClercq,C,28,ORL,61,14,633,5.5,12.1,.450,0.0,0.0,,5.5,12.1,.450,2.3,4.1,.560,6.0,7.2,13.3,1.8,1.9,2.0,2.8,10.6,13.2,,100,103,declean01
110,Vinny Del Negro,PG,35,PHO,2,0,6,8.7,35.0,.250,0.0,0.0,,8.7,35.0,.250,0.0,0.0,,0.0,0.0,0.0,17.5,0.0,0.0,0.0,0.0,17.5,,81,114,delnevi01
111,Tony Delk,SG,28,TOT,63,17,1447,8.2,21.2,.384,2.4,7.7,.313,5.7,13.5,.425,2.8,3.5,.804,2.1,5.2,7.3,4.8,1.9,0.4,2.1,3.5,21.6,,102,105,delkto01
111,Tony Delk,SG,28,PHO,41,1,877,9.9,24.9,.399,2.8,8.8,.320,7.1,16.1,.442,3.4,4.0,.836,2.3,5.1,7.4,4.8,1.9,0.2,2.4,3.6,26.0,,104,106,delkto01
111,Tony Delk,SG,28,BOS,22,16,570,5.5,15.7,.349,1.8,6.1,.299,3.6,9.6,.381,2.0,2.7,.733,1.8,5.4,7.2,4.6,2.0,0.5,1.7,3.5,14.7,,96,103,delkto01
112,Derrick Dial,SG,26,TOT,32,0,299,7.2,21.1,.342,0.2,1.9,.091,7.0,19.2,.367,3.2,4.2,.750,2.5,7.4,9.8,6.2,1.8,0.7,2.8,2.3,17.8,,88,101,dialde01
112,Derrick Dial,SG,26,NJN,25,0,249,6.3,19.7,.319,0.0,1.5,.000,6.3,18.3,.345,2.7,3.8,.722,2.5,6.9,9.4,6.5,1.7,0.8,2.7,2.5,15.3,,85,101,dialde01
112,Derrick Dial,SG,26,TOR,7,0,50,11.9,28.1,.423,1.1,4.3,.250,10.8,23.8,.455,5.4,6.5,.833,2.2,9.7,11.9,4.3,2.2,0.0,3.2,1.1,30.3,,101,102,dialde01
113,Michael Dickerson,SG,26,MEM,4,4,124,6.4,20.4,.313,3.4,8.9,.381,3.0,11.5,.259,2.1,2.5,.833,1.3,3.8,5.1,3.8,1.3,0.4,3.4,5.1,18.3,,85,110,dickemi01
114,DeSagana Diop,C,20,CLE,18,1,109,5.9,14.1,.414,0.0,0.0,,5.9,14.1,.414,0.5,2.4,.200,2.4,5.9,8.3,2.4,0.5,4.9,5.9,9.3,12.2,,67,107,diopde01
115,Vlade Divac*,C,33,SAC,80,80,2420,7.0,14.9,.472,0.1,0.3,.231,7.0,14.6,.477,4.3,7.1,.615,4.3,9.7,13.9,6.2,1.6,2.0,3.3,4.8,18.4,,107,99,divacvl01
116,Michael Doleac,C,24,CLE,42,15,705,5.9,14.1,.417,0.0,0.0,,5.9,14.1,.417,2.9,3.5,.826,3.5,9.1,12.7,1.9,1.1,0.8,2.8,7.4,14.6,,95,108,doleami01
117,Keyon Dooling,PG,21,LAC,14,0,155,7.6,19.6,.386,1.4,4.8,.286,6.2,14.8,.419,3.4,4.1,.833,0.0,1.0,1.0,4.1,1.4,1.0,3.4,6.9,19.9,,92,111,doolike01
118,Bryce Drew,PG,27,CHH,61,0,774,5.4,12.6,.429,2.1,5.0,.425,3.3,7.5,.431,1.6,2.0,.793,1.0,4.0,5.0,7.0,2.2,0.1,2.3,3.4,14.5,,111,106,drewbr01
119,Predrag Drobnjak,C,26,SEA,64,12,1174,8.8,19.0,.461,0.0,0.1,.000,8.8,18.9,.464,2.5,3.4,.753,3.4,6.6,10.1,2.3,0.9,1.4,2.3,5.0,20.1,,102,107,drobnpr01
120,Chris Dudley,C,36,POR,43,2,327,3.3,8.2,.400,0.0,0.3,.000,3.3,7.9,.417,1.3,2.5,.533,4.4,8.7,13.1,2.1,0.5,2.3,2.3,6.9,7.9,,93,104,dudlech02
121,Tim Duncan*,PF,25,SAS,82,82,3329,12.2,24.1,.508,0.0,0.2,.100,12.2,23.9,.511,9.0,11.2,.799,4.3,12.4,16.7,4.9,1.0,3.3,4.2,3.5,33.5,,114,96,duncati01
122,Howard Eisley,PG,29,NYK,39,0,609,5.2,15.4,.337,1.2,5.1,.241,4.0,10.3,.385,3.4,4.3,.796,0.8,3.5,4.3,8.8,2.1,0.3,4.7,4.8,15.0,,87,108,eisleho01
123,Obinna Ekezie,PF,26,LAC,29,1,152,4.6,13.7,.333,0.0,0.0,,4.6,13.7,.333,9.8,14.0,.700,4.2,7.7,11.9,1.1,0.7,2.1,3.5,5.6,18.9,,98,106,ekeziob01
124,LaPhonso Ellis,SF,31,MIA,66,14,1684,6.2,14.7,.418,1.2,4.0,.306,4.9,10.7,.460,1.7,2.7,.631,3.5,5.9,9.4,1.8,1.0,1.2,2.4,6.4,15.3,,96,102,ellisla01
125,Evan Eschmeyer,C,26,DAL,31,6,299,3.6,8.6,.420,0.0,0.0,,3.6,8.6,.420,3.5,5.7,.606,6.1,10.9,16.9,1.6,1.7,1.6,2.8,10.4,10.7,,102,103,eschmev01
126,Maurice Evans,SG,23,MIN,10,0,45,10.6,22.4,.474,0.0,3.5,.000,10.6,18.9,.563,3.5,4.7,.750,3.5,1.2,4.7,4.7,0.0,0.0,2.4,10.6,24.7,,108,113,evansma01
127,Patrick Ewing*,C,39,ORL,65,4,901,8.5,19.0,.444,0.0,0.1,.000,8.5,19.0,.446,5.4,7.7,.701,3.4,11.6,15.0,2.0,1.3,2.6,3.7,7.4,22.3,,96,101,ewingpa01
128,Danny Ferry,SF,35,SAS,50,2,799,5.1,11.8,.429,2.9,6.6,.434,2.2,5.2,.423,2.3,2.4,.944,1.0,5.0,6.0,3.2,1.1,0.6,1.5,4.7,15.3,,119,103,ferryda01
129,Michael Finley,SF,28,DAL,69,69,2754,10.7,23.1,.463,1.4,4.2,.339,9.3,18.8,.491,3.9,4.7,.837,1.7,5.1,6.8,4.3,1.2,0.5,2.2,2.7,26.7,,110,110,finlemi01
130,Derek Fisher,PG,27,LAL,70,35,1974,7.2,17.6,.411,3.8,9.2,.413,3.4,8.4,.410,2.5,2.9,.847,0.4,3.5,3.9,4.8,1.7,0.2,1.6,3.2,20.8,,114,105,fishede01
131,Marcus Fizer,PF,23,CHI,76,20,1963,10.0,22.9,.438,0.2,1.1,.171,9.8,21.8,.451,5.1,7.6,.668,3.5,8.1,11.5,3.2,1.3,0.6,3.5,5.0,25.3,,95,108,fizerma01
132,Isaac Fontaine,SG,26,MEM,6,0,75,2.1,9.8,.214,0.7,3.5,.200,1.4,6.3,.222,2.8,4.2,.667,0.0,3.5,3.5,2.8,0.0,0.0,2.8,4.2,7.7,,66,113,fontais01
133,Alton Ford,PF,20,PHO,53,0,452,7.1,13.7,.517,0.0,0.0,,7.1,13.7,.517,4.9,6.6,.737,3.7,8.7,12.4,0.8,0.7,0.8,3.7,11.5,19.0,,103,105,fordal02
134,Joseph Forte,SG,20,BOS,8,0,39,1.3,16.0,.083,0.0,4.0,.000,1.3,12.0,.111,5.3,5.3,1.000,1.3,6.7,8.0,8.0,2.7,0.0,4.0,1.3,8.0,,60,101,fortejo01
135,Danny Fortson,PF,25,GSW,77,76,2216,7.1,16.5,.428,0.0,0.1,.250,7.1,16.5,.429,5.6,7.1,.795,6.6,14.0,20.6,2.9,1.0,0.4,3.7,5.8,19.8,,105,105,fortsda01
136,Greg Foster,PF,33,MIL,6,0,24,4.4,20.0,.222,0.0,8.9,.000,4.4,11.1,.400,6.7,8.9,.750,0.0,17.7,17.7,2.2,0.0,0.0,0.0,8.9,15.5,,79,103,fostegr01
137,Jeff Foster,C,25,IND,82,48,1786,5.2,11.5,.449,0.1,0.4,.133,5.1,11.1,.462,3.2,5.3,.610,6.0,10.2,16.3,2.0,2.1,1.1,2.3,6.8,13.7,,105,101,fosteje01
138,Antonis Fotsis,PF,20,MEM,28,1,320,6.9,17.1,.404,1.2,3.8,.304,5.8,13.3,.432,2.8,3.3,.850,4.1,6.1,10.2,1.6,1.5,1.8,3.5,3.6,17.8,,93,107,fotsian01
139,Tremaine Fowlkes,SF,25,LAC,22,17,343,3.9,9.9,.391,0.0,0.0,,3.9,9.9,.391,3.7,4.8,.774,5.0,5.0,9.9,2.6,1.7,0.2,2.0,6.1,11.5,,107,108,fowlktr01
140,Rick Fox,SF,32,LAL,82,82,2289,5.8,13.8,.421,1.5,4.7,.313,4.3,9.0,.479,1.6,1.9,.824,2.0,6.8,8.9,6.4,1.5,0.5,3.0,5.6,14.7,,103,103,foxri01
141,Adonal Foyle,C,26,GSW,79,36,1485,5.8,13.2,.444,0.0,0.0,,5.8,13.2,.444,1.3,3.2,.398,5.1,8.0,13.1,1.4,1.2,5.7,2.6,6.1,13.0,,93,104,foylead01
142,Steve Francis,PG,24,HOU,57,56,2343,9.8,23.4,.417,1.6,4.9,.324,8.2,18.5,.442,7.6,9.8,.773,2.4,6.9,9.3,8.4,1.6,0.6,5.1,4.0,28.7,,104,109,francst01
143,Lawrence Funderburke,PF,31,SAC,56,1,722,8.0,17.0,.469,0.0,0.2,.000,8.0,16.8,.475,2.4,3.9,.607,5.3,8.5,13.8,2.2,0.8,1.3,2.3,4.5,18.4,,104,102,fundela01
144,Kevin Garnett*,PF,25,MIN,81,81,3175,11.0,23.4,.470,0.6,1.9,.319,10.4,21.5,.484,6.0,7.5,.801,4.1,12.3,16.4,7.0,1.6,2.1,3.8,3.1,28.6,,111,101,garneke01
145,Dean Garrett,C,35,TOT,34,0,183,5.2,15.8,.327,0.0,0.0,,5.2,15.8,.327,0.0,0.9,.000,4.6,11.8,16.4,1.4,2.0,2.9,2.9,9.2,10.4,,74,99,garrede01
145,Dean Garrett,C,35,MIN,29,0,152,4.9,14.0,.350,0.0,0.0,,4.9,14.0,.350,0.0,1.0,.000,4.5,11.9,16.4,1.4,1.7,3.1,2.4,9.1,9.8,,78,99,garrede01
145,Dean Garrett,C,35,GSW,5,0,31,6.6,24.6,.267,0.0,0.0,,6.6,24.6,.267,0.0,0.0,,4.9,11.5,16.4,1.6,3.3,1.6,4.9,9.8,13.1,,61,101,garrede01
146,Pat Garrity,PF,25,ORL,80,43,2406,7.0,16.4,.426,3.6,8.5,.427,3.4,7.9,.426,1.3,1.6,.836,1.6,5.6,7.2,2.1,1.3,0.6,1.5,4.9,18.9,,111,107,garripa01
147,Pau Gasol*,PF,21,MEM,82,79,3007,9.7,18.6,.518,0.0,0.1,.200,9.6,18.6,.519,5.9,8.4,.709,4.2,8.6,12.8,3.9,0.7,3.0,3.9,3.4,25.2,,108,105,gasolpa01
148,Chris Gatling,PF,34,MIA,54,1,809,8.9,19.9,.447,0.1,0.5,.125,8.8,19.3,.456,5.6,7.9,.701,4.8,9.2,14.0,1.7,1.2,0.7,3.9,7.4,23.4,,97,100,gatlich01
149,Matt Geiger,C,32,PHI,4,0,36,1.5,12.0,.125,0.0,0.0,,1.5,12.0,.125,1.5,3.0,.500,4.5,4.5,9.0,0.0,0.0,3.0,3.0,3.0,4.5,,48,104,geigema01
150,Devean George,SF,24,LAL,82,1,1759,6.4,15.5,.411,2.0,5.3,.371,4.4,10.2,.432,2.5,3.7,.675,2.3,6.7,9.0,3.3,2.1,1.2,2.0,5.6,17.2,,105,101,georgde01
151,Eddie Gill,PG,23,MEM,23,5,384,5.4,12.6,.424,1.0,3.0,.318,4.4,9.6,.457,4.3,5.4,.795,1.0,2.9,3.8,6.7,1.5,0.4,4.7,5.2,15.9,,95,110,gilled01
152,Kendall Gill,SG,33,MIA,65,49,1410,6.3,16.4,.384,0.2,1.7,.136,6.1,14.7,.413,1.6,2.4,.677,1.1,6.0,7.2,3.9,1.7,0.3,2.1,5.5,14.5,,87,101,gillke01
153,Dion Glover,SG,23,ATL,55,25,1156,8.7,20.6,.421,1.4,4.1,.330,7.3,16.5,.444,3.5,4.7,.757,1.6,6.0,7.6,3.8,2.0,0.6,3.4,4.0,22.2,,96,107,glovedi01
154,Steve Goodrich,SF,25,NJN,9,0,50,2.1,10.5,.200,0.0,0.0,,2.1,10.5,.200,1.0,2.1,.500,1.0,4.2,5.2,5.2,1.0,2.1,3.1,10.5,5.2,,59,102,goodrst01
155,Brian Grant,PF,29,MIA,72,72,2256,7.0,14.8,.469,0.0,0.0,.000,7.0,14.8,.470,2.5,2.9,.849,4.1,9.9,14.0,3.3,1.2,0.8,3.0,5.7,16.4,,101,100,grantbr01
156,Horace Grant,C,36,ORL,76,76,2210,6.2,12.0,.513,0.0,0.0,,6.2,12.0,.513,1.9,2.6,.721,3.7,7.5,11.2,2.4,1.3,1.1,1.2,2.8,14.2,,117,105,grantho01
157,Adrian Griffin,SG,27,DAL,58,34,1383,6.7,13.4,.499,0.6,2.0,.296,6.1,11.4,.534,1.5,1.8,.837,2.5,6.0,8.6,4.0,2.8,0.4,1.6,5.3,15.5,,115,106,griffad01
158,Eddie Griffin,PF,19,HOU,73,24,1896,7.0,19.1,.366,2.6,7.8,.330,4.4,11.3,.392,1.8,2.5,.744,3.4,8.6,11.9,1.5,0.5,3.8,1.3,3.4,18.4,,101,107,griffed01
159,Tom Gugliotta,PF,32,PHO,44,40,1129,5.9,14.0,.422,0.1,0.4,.333,5.8,13.6,.425,1.3,1.7,.757,2.7,7.5,10.3,3.6,1.8,1.4,2.8,5.4,13.3,,92,103,guglito01
160,A.J. Guyton,PG,23,CHI,45,6,607,7.7,21.3,.361,4.0,10.7,.374,3.7,10.6,.347,1.9,2.4,.815,1.0,2.8,3.8,7.1,0.9,0.6,3.2,2.0,21.3,,97,112,guytoaj01
161,Darvin Ham,SF,28,MIL,70,2,1208,5.3,9.3,.569,0.0,0.3,.143,5.2,9.0,.583,2.7,5.4,.504,4.0,4.9,8.9,3.2,1.1,1.6,3.7,7.7,13.3,,102,109,hamda01
162,Richard Hamilton,SG,23,WAS,63,57,2203,11.6,26.7,.435,0.4,1.0,.381,11.2,25.7,.438,7.4,8.3,.890,1.8,3.5,5.3,4.2,0.9,0.3,3.3,3.4,31.1,,105,111,hamilri01
163,Tang Hamilton,SF,23,MIA,9,2,98,5.6,10.6,.526,0.0,0.6,.000,5.6,10.1,.556,0.0,0.6,.000,3.4,6.7,10.1,2.8,2.2,0.0,1.1,5.6,11.2,,110,100,hamilta01
164,Zendon Hamilton,PF,26,DEN,54,15,848,6.5,15.3,.420,0.0,0.0,,6.5,15.3,.420,7.4,11.3,.652,6.9,9.0,15.8,0.9,1.3,1.1,3.8,6.5,20.3,,100,107,hamilze01
165,Anfernee Hardaway,SG,30,PHO,80,55,2462,8.3,19.9,.418,0.5,1.8,.277,7.8,18.1,.432,3.4,4.2,.810,2.1,5.4,7.5,6.9,2.6,0.7,4.0,3.9,20.4,,96,104,hardaan01
166,Tim Hardaway*,PG,35,TOT,68,16,1601,7.3,20.1,.365,4.0,11.5,.347,3.3,8.6,.387,2.5,3.1,.794,0.5,3.6,4.0,9.0,1.9,0.3,3.6,3.5,21.2,,102,110,hardati01
166,Tim Hardaway*,PG,35,DAL,54,2,1276,7.3,20.0,.362,3.8,11.3,.341,3.4,8.7,.391,2.6,3.2,.833,0.5,3.4,3.9,8.1,1.6,0.3,3.0,3.4,21.0,,103,111,hardati01
166,Tim Hardaway*,PG,35,DEN,14,14,325,7.7,20.6,.373,4.6,12.3,.373,3.1,8.3,.373,2.0,3.1,.632,0.2,4.2,4.4,12.6,2.8,0.3,6.2,4.1,21.9,,96,108,hardati01
167,Matt Harpring,SF,25,PHI,81,81,2541,8.2,17.8,.461,0.4,1.5,.304,7.8,16.3,.475,3.5,4.7,.743,4.3,7.9,12.2,2.3,1.5,0.1,2.7,4.3,20.4,,105,102,harprma01
168,Al Harrington,PF,21,IND,44,1,1313,9.1,19.2,.475,0.0,0.1,.333,9.1,19.1,.476,4.6,5.7,.799,3.8,7.2,11.0,2.1,1.6,0.8,3.1,6.6,22.9,,103,104,harrial01
169,Othella Harrington,PF,28,NYK,77,4,1563,8.1,15.4,.527,0.0,0.1,.000,8.1,15.3,.529,4.2,5.9,.709,4.3,7.7,11.9,1.3,1.0,1.2,3.3,8.6,20.4,,105,106,harriot01
170,Lucious Harris,SG,31,NJN,74,0,1553,8.4,18.1,.464,1.5,4.0,.373,6.9,14.1,.489,4.5,5.3,.842,1.6,5.3,7.0,3.9,1.8,0.2,2.1,3.3,22.7,,113,102,harrilu01
171,Jason Hart,PG,23,SAS,10,0,92,5.8,11.0,.526,0.0,1.2,.000,5.8,9.9,.588,3.5,3.5,1.000,2.3,5.2,7.5,7.0,4.1,0.6,4.6,9.3,15.1,,106,97,hartja01
172,Antonio Harvey,PF,31,SEA,5,3,47,4.6,13.8,.333,0.0,0.0,,4.6,13.8,.333,1.1,2.3,.500,5.7,4.6,10.3,5.7,1.1,3.4,3.4,9.2,10.3,,87,106,harvean01
173,Donnell Harvey,PF,21,TOT,47,4,841,6.8,13.6,.498,0.0,0.0,,6.8,13.6,.498,3.4,5.7,.600,5.0,9.2,14.3,2.3,1.3,1.5,2.1,7.2,17.0,,110,106,harvedo01
173,Donnell Harvey,PF,21,DAL,18,0,162,4.5,8.3,.538,0.0,0.0,,4.5,8.3,.538,3.2,7.0,.455,3.8,10.9,14.7,1.6,1.3,1.6,2.6,8.6,12.1,,103,104,harvedo01
173,Donnell Harvey,PF,21,DEN,29,4,679,7.4,14.9,.492,0.0,0.0,,7.4,14.9,.492,3.4,5.3,.647,5.3,8.8,14.2,2.5,1.3,1.5,2.0,6.9,18.2,,111,106,harvedo01
174,Trenton Hassell,SG,22,CHI,78,47,2237,6.3,14.9,.425,1.4,3.9,.364,4.9,11.0,.447,2.1,2.7,.763,1.5,4.5,6.0,4.1,1.3,1.0,2.4,4.4,16.1,,99,110,hassetr01
175,Kirk Haston,PF,22,CHH,15,0,77,7.6,27.1,.282,0.0,2.1,.000,7.6,25.0,.306,2.8,5.6,.500,3.5,10.4,13.9,3.5,0.0,0.7,2.1,6.3,18.1,,75,105,hastoki01
176,Brendan Haywood,C,22,WAS,62,2,1266,4.7,9.5,.493,0.0,0.0,,4.7,9.5,.493,4.2,6.9,.606,6.1,7.7,13.8,1.2,0.9,3.9,2.1,6.8,13.5,,112,104,haywobr01
177,Alan Henderson,PF,29,ATL,26,1,422,7.3,14.4,.509,0.1,0.1,1.000,7.2,14.2,.504,3.0,5.6,.533,3.8,8.2,12.0,1.4,1.4,1.9,2.6,5.0,17.7,,102,105,hendeal01
178,Cedric Henderson,SF,26,GSW,12,0,70,10.9,22.5,.484,1.5,2.9,.500,9.4,19.6,.481,2.9,5.1,.571,0.7,1.5,2.2,2.9,4.4,1.5,5.8,2.9,26.1,,91,107,hendece02
179,Grant Hill*,SF,29,ORL,14,14,512,8.3,19.6,.426,0.0,0.2,.000,8.3,19.4,.430,6.9,8.0,.863,2.9,9.7,12.6,6.4,0.8,0.4,3.7,4.0,23.6,,105,106,hillgr01
180,Tyrone Hill,PF,33,CLE,26,26,810,4.7,11.9,.390,0.0,0.1,.000,4.7,11.9,.392,4.4,6.8,.650,5.2,12.8,18.0,1.5,1.1,0.9,3.2,6.7,13.7,,94,106,hillty01
181,Fred Hoiberg,SG,29,CHI,79,8,1408,4.6,11.0,.416,0.9,3.5,.261,3.7,7.5,.487,3.0,3.5,.840,0.7,7.2,7.9,5.1,2.3,0.2,1.2,3.3,13.0,,112,107,hoibefr01
182,Robert Horry,PF,31,LAL,81,23,2140,4.5,11.2,.398,1.9,4.9,.374,2.6,6.3,.416,2.6,3.4,.783,3.2,8.5,11.7,5.7,1.9,2.2,2.1,5.1,13.4,,114,99,horryro01
183,Eddie House,PG,23,MIA,64,3,1230,9.3,23.4,.399,2.4,7.0,.344,6.9,16.4,.422,1.9,2.2,.857,0.8,4.2,4.9,5.5,1.9,0.2,3.6,4.4,22.9,,92,103,houseed01
184,Allan Houston,SG,30,NYK,77,77,2914,10.4,23.9,.437,2.5,6.4,.393,7.9,17.5,.452,5.4,6.2,.870,0.7,3.9,4.6,3.5,1.0,0.2,3.1,3.3,28.8,,104,110,houstal01
185,Juwan Howard,PF,28,TOT,81,72,2635,9.2,19.9,.460,0.0,0.0,.000,9.2,19.9,.461,5.2,6.8,.761,4.4,7.7,12.1,3.3,0.9,0.9,3.0,5.3,23.5,,106,108,howarju01
185,Juwan Howard,PF,28,DAL,53,44,1659,8.4,18.2,.462,0.0,0.0,.000,8.4,18.2,.462,4.5,6.0,.754,4.3,7.9,12.2,2.9,0.9,0.9,2.4,5.3,21.3,,108,108,howarju01
185,Juwan Howard,PF,28,DEN,28,28,976,10.5,22.9,.457,0.0,0.1,.000,10.5,22.8,.458,6.4,8.3,.770,4.6,7.5,12.1,4.1,1.0,0.9,4.0,5.2,27.3,,103,109,howarju01
186,Troy Hudson,PG,25,ORL,81,4,1854,9.8,22.6,.434,1.8,5.2,.353,8.0,17.4,.459,4.9,5.6,.876,0.8,3.2,4.0,7.1,1.6,0.2,4.5,3.3,26.4,,101,109,hudsotr01
187,Larry Hughes,SG,23,GSW,73,56,2049,8.5,20.1,.423,0.4,2.3,.194,8.1,17.8,.453,4.7,6.4,.737,2.1,4.0,6.1,7.8,2.8,0.6,4.2,3.7,22.2,,101,109,hughela01
188,Lindsey Hunter,PG,31,LAL,82,47,1616,6.0,15.8,.382,2.5,6.7,.380,3.5,9.1,.383,0.6,1.3,.500,0.6,3.3,3.9,4.2,2.1,0.6,1.8,3.9,15.3,,98,104,hunteli01
189,Steven Hunter,C,20,ORL,53,21,516,6.7,14.7,.456,0.0,0.0,,6.7,14.7,.456,5.5,9.4,.585,4.0,5.7,9.7,0.5,0.5,4.3,1.6,8.1,18.9,,106,105,huntest01
190,Zydrunas Ilgauskas,C,26,CLE,62,23,1329,9.6,22.7,.425,0.0,0.2,.000,9.6,22.5,.429,8.3,11.0,.754,5.4,7.9,13.4,2.8,0.7,3.4,3.8,7.5,27.6,,103,107,ilgauzy01
191,Allen Iverson*,SG,26,PHI,60,59,2622,13.7,34.4,.398,1.6,5.5,.291,12.1,28.9,.419,9.8,12.0,.812,0.9,4.6,5.5,6.8,3.5,0.3,4.9,2.1,38.8,,101,100,iversal01
192,Bobby Jackson,PG,28,SAC,81,3,1750,9.6,21.6,.443,2.3,6.3,.361,7.3,15.4,.477,4.3,5.3,.810,2.4,4.9,7.2,4.7,2.1,0.3,2.7,4.2,25.7,,109,103,jacksbo01
193,Jaren Jackson,SG,34,ORL,9,0,144,5.4,13.2,.405,2.5,7.2,.350,2.9,6.1,.471,0.7,1.4,.500,0.4,5.7,6.1,2.9,1.8,0.0,2.9,4.6,13.9,,91,107,jacksja01
194,Jermaine Jackson,SG,25,TOR,24,0,280,3.9,8.1,.476,0.2,0.4,.500,3.7,7.7,.475,3.1,4.6,.667,0.6,4.6,5.2,11.0,1.7,0.2,2.7,4.6,11.0,,114,106,jacksje01
195,Jim Jackson,SF,31,MIA,55,19,1825,7.2,16.2,.442,1.1,2.4,.469,6.0,13.7,.438,2.3,2.6,.862,1.6,7.1,8.7,4.2,1.3,0.4,3.2,4.4,17.7,,97,102,jacksji01
196,Marc Jackson,C,27,TOT,39,0,495,6.3,17.3,.366,0.0,0.1,.000,6.3,17.2,.368,7.0,8.4,.825,5.1,8.4,13.5,1.5,1.2,0.6,3.2,7.3,19.6,,100,107,jacksma02
196,Marc Jackson,C,27,GSW,17,0,169,6.6,19.5,.338,0.0,0.0,,6.6,19.5,.338,12.0,14.4,.833,5.1,7.8,12.9,2.1,1.5,0.9,3.6,7.5,25.2,,105,108,jacksma02
196,Marc Jackson,C,27,MIN,22,0,326,6.2,16.1,.384,0.0,0.2,.000,6.2,15.9,.388,4.2,5.2,.813,5.0,8.8,13.8,1.1,1.0,0.5,2.9,7.2,16.6,,96,106,jacksma02
197,Mark Jackson,PG,36,NYK,82,82,2367,5.9,13.4,.439,1.8,4.4,.405,4.1,9.0,.456,2.0,2.5,.791,1.3,5.7,7.0,13.7,1.7,0.0,3.4,3.7,15.5,,113,107,jacksma01
198,Stephen Jackson,SF,23,SAS,23,1,227,8.0,21.4,.374,2.1,8.5,.250,5.9,12.9,.455,2.8,4.0,.706,0.7,5.4,6.1,2.6,3.5,0.7,5.4,6.8,20.9,,80,98,jacksst02
199,Jerome James,C,26,SEA,56,40,949,7.6,15.5,.491,0.0,0.0,,7.6,15.5,.491,1.7,3.4,.500,5.1,8.1,13.2,1.4,1.4,4.9,4.2,9.9,16.9,,92,102,jamesje01
200,Mike James,PG,26,MIA,15,0,119,6.9,19.8,.349,3.7,9.7,.381,3.2,10.2,.318,1.8,3.2,.571,0.9,5.5,6.5,8.8,2.8,0.5,6.0,7.8,19.4,,86,99,jamesmi01
201,Tim James,SF,25,PHI,9,0,41,6.6,17.1,.385,0.0,0.0,,6.6,17.1,.385,2.6,7.9,.333,6.6,2.6,9.2,1.3,0.0,1.3,4.0,6.6,15.8,,81,107,jamesti01
202,Antawn Jamison,SF,25,GSW,82,82,3033,10.3,23.0,.447,1.1,3.5,.324,9.1,19.5,.469,5.4,7.4,.734,3.5,5.8,9.3,2.7,1.2,0.8,2.7,3.1,27.1,,109,111,jamisan01
203,Harold Jamison,PF,25,LAC,25,2,176,6.7,13.0,.512,0.0,0.0,,6.7,13.0,.512,3.0,4.5,.667,7.3,4.5,11.8,1.8,1.5,0.3,1.8,7.0,16.3,,118,108,jamisha01
204,Richard Jefferson,SF,21,NJN,79,9,1917,7.4,16.1,.457,0.4,1.5,.232,7.0,14.6,.480,5.2,7.2,.713,2.3,5.7,8.0,3.8,1.7,1.3,2.9,5.8,20.2,,104,101,jefferi01
205,Anthony Johnson,SG,27,NJN,34,0,366,5.3,12.9,.411,0.6,1.7,.333,4.7,11.1,.423,2.3,3.6,.640,1.4,2.7,4.1,6.9,4.4,0.1,2.9,4.3,13.4,,97,98,johnsan02
206,Avery Johnson,PG,36,TOT,68,13,1352,8.1,16.9,.479,0.0,0.2,.000,8.1,16.7,.485,4.7,6.4,.742,0.5,2.2,2.7,11.2,1.6,0.4,3.0,3.4,21.0,,113,112,johnsav01
206,Avery Johnson,PG,36,DEN,51,13,1200,8.2,17.0,.486,0.0,0.2,.000,8.2,16.7,.492,4.8,6.5,.747,0.6,2.2,2.8,11.4,1.5,0.4,3.0,3.1,21.3,,114,112,johnsav01
206,Avery Johnson,PG,36,DAL,17,0,152,7.1,16.7,.429,0.0,0.0,,7.1,16.7,.429,4.1,5.8,.706,0.0,1.7,1.7,9.5,1.7,0.3,3.1,5.8,18.4,,102,111,johnsav01
207,DerMarr Johnson,SF,21,ATL,72,46,1727,6.5,16.3,.396,2.7,7.5,.360,3.8,8.9,.427,2.6,3.2,.810,1.8,5.7,7.5,2.5,1.9,1.7,3.1,4.9,18.2,,97,106,johnsde03
208,Ervin Johnson,C,34,MIL,81,9,1660,2.9,6.2,.461,0.0,0.0,.000,2.9,6.2,.464,1.0,2.1,.455,4.6,10.4,14.9,0.9,1.2,2.6,1.7,7.0,6.7,,101,104,johnser02
209,Joe Johnson,SG,20,TOT,77,60,1916,6.8,15.9,.430,1.0,3.5,.292,5.8,12.4,.469,1.1,1.4,.774,2.0,5.0,7.0,4.9,1.6,0.5,1.9,3.1,15.8,,102,105,johnsjo02
209,Joe Johnson,SG,20,BOS,48,33,1003,6.7,15.3,.439,1.2,4.6,.273,5.5,10.8,.510,1.0,1.3,.769,2.1,5.1,7.2,3.8,1.7,0.5,1.4,3.1,15.7,,105,104,johnsjo02
209,Joe Johnson,SG,20,PHO,29,27,913,7.0,16.6,.420,0.8,2.4,.333,6.2,14.1,.435,1.2,1.6,.778,2.0,4.8,6.8,6.0,1.5,0.6,2.5,3.2,15.9,,99,107,johnsjo02
210,Alvin Jones,C,23,PHI,23,2,126,3.4,8.6,.400,0.0,0.0,,3.4,8.6,.400,4.3,8.6,.500,5.6,9.9,15.4,1.3,1.3,3.9,4.7,15.0,11.1,,82,96,jonesal01
211,Damon Jones,PG,25,DET,67,0,1083,5.6,14.0,.401,3.4,9.2,.371,2.2,4.8,.459,2.1,2.9,.729,0.6,4.4,5.1,6.9,1.1,0.0,3.0,4.1,16.7,,106,107,jonesda01
212,Eddie Jones,SG,30,MIA,81,81,3156,9.0,20.8,.432,2.6,6.6,.390,6.4,14.2,.451,5.2,6.2,.837,1.1,5.5,6.6,4.6,2.0,1.3,2.6,4.5,25.7,,109,100,jonesed02
213,Jumaine Jones,PF,22,CLE,81,36,2142,7.1,15.9,.448,1.3,4.2,.310,5.8,11.7,.498,1.1,1.7,.662,3.1,9.1,12.2,2.9,1.9,1.1,2.0,4.6,16.7,,104,106,jonesju01
214,Popeye Jones,PF,31,WAS,79,40,1920,6.3,14.4,.437,0.1,0.3,.364,6.2,14.1,.439,3.0,3.7,.815,6.6,9.8,16.4,3.6,1.4,0.5,2.5,5.9,15.7,,108,105,jonespo01
215,Michael Jordan*,SF,38,WAS,60,53,2093,14.3,34.4,.416,0.3,1.4,.189,14.0,33.0,.426,6.8,8.6,.790,1.3,7.5,8.8,8.0,2.2,0.7,4.2,3.1,35.7,,99,105,jordami01
216,Shawn Kemp,PF,32,POR,75,5,1232,7.6,17.7,.430,0.0,0.2,.000,7.6,17.6,.434,4.5,5.7,.794,3.9,8.6,12.6,2.3,1.9,1.4,3.5,8.0,19.8,,98,102,kempsh01
217,Steve Kerr,PG,36,POR,65,0,775,7.1,15.0,.470,1.8,4.6,.394,5.3,10.5,.503,2.7,2.8,.975,0.4,3.7,4.2,4.4,0.9,0.1,1.7,3.4,18.6,,118,109,kerrst01
218,Jason Kidd*,PG,28,NJN,82,82,3056,7.6,19.5,.391,2.0,6.2,.321,5.6,13.2,.424,3.4,4.2,.814,2.2,8.0,10.2,13.8,3.0,0.3,4.9,2.3,20.7,,103,98,kiddja01
219,Andrei Kirilenko,SF,20,UTA,82,40,2151,7.0,15.7,.450,0.6,2.5,.250,6.4,13.2,.488,7.0,9.2,.768,3.7,6.3,9.9,2.3,2.9,3.9,2.7,3.9,21.8,,113,100,kirilan01
220,Kerry Kittles,SG,27,NJN,82,82,2601,8.8,18.9,.466,2.0,4.9,.405,6.8,14.0,.487,2.6,3.5,.744,1.4,4.2,5.5,4.3,2.6,0.6,2.2,2.2,22.2,,109,101,kittlke01
221,Brevin Knight,PG,26,MEM,53,11,1151,6.5,15.3,.422,0.1,0.4,.250,6.4,14.9,.426,4.0,5.3,.757,0.5,4.5,5.0,13.8,3.6,0.3,5.1,6.2,17.0,,98,105,knighbr01
222,Travis Knight,C,27,NYK,49,0,429,5.1,14.1,.363,0.0,0.0,,5.1,14.1,.363,2.0,2.6,.762,6.0,7.0,13.0,1.0,1.4,1.2,3.4,11.8,12.2,,84,105,knightr01
223,Toni Kukoč*,SF,33,ATL,59,9,1494,7.4,17.6,.419,1.9,6.0,.310,5.5,11.6,.474,3.8,5.4,.712,1.5,6.1,7.6,7.3,1.7,0.6,4.0,3.2,20.4,,101,107,kukocto01
224,Christian Laettner,PF,32,WAS,57,48,1441,6.3,13.7,.464,0.1,0.4,.200,6.3,13.3,.472,2.5,2.9,.868,2.8,8.6,11.4,5.7,2.3,0.9,3.2,4.9,15.2,,103,104,laettch01
225,Raef LaFrentz,C,25,TOT,78,76,2455,9.0,19.7,.458,2.2,5.7,.388,6.8,14.0,.486,2.3,3.2,.695,3.8,8.6,12.4,1.9,1.2,4.6,2.0,6.0,22.5,,109,104,lafrera01
225,Raef LaFrentz,C,25,DEN,51,51,1668,9.8,21.0,.466,2.4,5.5,.434,7.4,15.5,.477,2.2,3.3,.667,3.7,8.3,12.1,1.9,1.0,4.9,1.9,5.5,24.2,,110,104,lafrera01
225,Raef LaFrentz,C,25,DAL,27,25,787,7.5,17.1,.437,1.9,6.2,.305,5.6,10.9,.512,2.3,3.0,.761,3.9,9.3,13.1,1.9,1.6,3.9,2.2,7.1,19.2,,106,103,lafrera01
226,Trajan Langdon,SG,25,CLE,44,0,477,7.8,19.6,.398,3.0,8.2,.365,4.8,11.4,.422,4.7,5.1,.913,1.4,4.7,6.1,6.7,1.4,0.6,4.5,5.5,23.3,,102,110,langdtr01
227,Dan Langhi,SF,24,HOU,34,8,434,6.1,15.7,.392,0.1,0.5,.250,6.0,15.2,.397,1.0,1.4,.727,2.8,5.6,8.4,1.8,1.0,0.6,1.1,3.1,13.4,,94,111,langhda01
228,Rusty LaRue,PG,28,UTA,33,0,542,7.2,18.2,.395,1.7,4.9,.340,5.5,13.2,.415,2.9,3.4,.857,1.1,3.7,4.8,7.0,1.7,0.7,4.2,5.7,18.9,,96,108,larueru01
229,Voshon Lenard,SG,28,DEN,71,19,1665,10.1,24.5,.410,2.8,7.7,.371,7.2,16.9,.427,3.0,3.8,.783,1.2,4.6,5.8,4.1,1.9,0.8,2.9,3.4,25.9,,100,109,lenarvo01
230,Quincy Lewis,SG,24,UTA,36,19,490,6.9,15.5,.448,0.3,2.0,.167,6.6,13.6,.488,1.4,2.2,.650,1.1,3.6,4.7,3.9,2.5,1.0,3.5,9.7,15.6,,90,106,lewisqu01
231,Rashard Lewis,SF,22,SEA,71,70,2585,9.5,20.3,.468,2.6,6.6,.389,6.9,13.7,.506,3.4,4.2,.810,2.9,7.5,10.4,2.6,2.2,0.8,2.0,3.6,24.9,,115,104,lewisra02
232,Randy Livingston,PG,26,SEA,13,0,176,4.6,16.5,.278,0.3,2.5,.125,4.3,14.1,.304,3.1,3.4,.909,2.8,4.9,7.7,8.0,2.8,0.6,0.6,3.4,12.6,,100,105,livinra01
233,Art Long,PF,29,SEA,63,27,989,6.5,13.3,.492,0.0,0.0,,6.5,13.3,.492,2.5,4.6,.529,5.8,7.8,13.7,2.2,1.2,1.5,3.4,9.8,15.5,,100,105,longar01
234,Grant Long,PF,35,MEM,66,56,1868,4.6,10.9,.426,0.1,0.5,.176,4.5,10.4,.438,2.4,3.5,.699,0.9,5.6,6.5,3.8,1.8,0.3,2.9,3.5,11.8,,90,108,longgr01
235,Felipe López,SG,27,MIN,67,0,581,5.4,14.2,.378,1.3,3.0,.424,4.1,11.2,.366,3.4,5.0,.673,2.6,4.7,7.3,3.6,1.6,0.1,3.3,6.7,15.4,,95,107,lopezfe01
236,Tyronn Lue,PG,24,WAS,71,0,1458,8.3,19.4,.427,2.3,5.3,.447,5.9,14.1,.420,1.8,2.3,.762,0.5,4.0,4.5,9.2,1.8,0.0,3.6,4.5,20.7,,103,109,luety01
237,George Lynch,SF,31,CHH,45,18,893,4.4,11.9,.369,0.1,0.4,.167,4.3,11.5,.375,1.5,2.4,.625,4.2,7.0,11.2,3.2,2.4,0.8,2.5,4.5,10.3,,90,102,lynchge01
238,Todd MacCulloch,C,26,NJN,62,61,1502,8.6,16.2,.531,0.0,0.0,,8.6,16.2,.531,3.8,5.7,.671,5.5,7.7,13.2,2.7,0.8,3.1,2.3,6.3,21.0,,114,99,maccuto01
239,Sam Mack,SF,31,MIA,12,1,159,4.8,16.9,.286,2.4,9.7,.250,2.4,7.3,.333,1.7,2.4,.714,0.7,4.1,4.8,1.4,1.7,0.3,2.4,5.9,13.8,,76,103,macksa01
240,Mark Madsen,PF,26,LAL,59,5,650,5.3,11.7,.452,0.0,0.2,.000,5.3,11.5,.458,2.8,4.3,.648,7.1,5.9,13.0,3.5,1.3,1.0,1.8,8.3,13.4,,116,104,madsema01
241,Corey Maggette,SG,22,LAC,63,52,1615,7.8,17.5,.443,1.5,4.6,.331,6.2,12.9,.483,6.6,8.3,.801,1.8,5.8,7.6,3.7,1.4,0.6,3.8,5.1,23.7,,107,108,maggeco01
242,Jamaal Magloire,C,23,CHH,82,8,1549,7.9,14.3,.551,0.0,0.0,.000,7.9,14.3,.552,8.4,11.5,.730,5.3,10.6,15.9,1.1,0.9,3.0,4.1,6.9,24.2,,114,101,magloja01
243,Dan Majerle,SG,36,PHO,65,1,1180,4.4,12.9,.343,3.5,10.5,.336,0.9,2.4,.370,1.0,1.7,.590,1.2,6.6,7.8,4.0,2.1,0.7,1.6,4.6,13.3,,105,104,majerda01
244,Karl Malone*,PF,38,UTA,80,80,3040,11.1,24.5,.454,0.2,0.4,.360,11.0,24.0,.456,8.9,11.2,.797,2.5,9.5,12.0,6.0,2.7,1.0,4.6,4.0,31.3,,107,101,malonka01
245,Danny Manning,PF,35,DAL,41,10,552,6.7,14.0,.477,0.1,0.7,.143,6.6,13.3,.493,2.1,3.1,.667,2.3,7.8,10.1,2.8,2.0,2.0,2.3,7.5,15.5,,101,105,mannida01
246,Stephon Marbury,PG,24,PHO,82,80,3187,10.3,23.3,.442,1.2,4.1,.286,9.1,19.2,.476,5.8,7.4,.781,1.2,3.1,4.4,11.0,1.3,0.2,4.7,3.1,27.6,,106,109,marbust01
247,Shawn Marion,SF,23,PHO,81,81,3109,11.0,23.6,.469,0.8,2.1,.393,10.2,21.5,.476,3.2,3.8,.845,3.6,10.0,13.6,2.7,2.5,1.5,2.4,3.6,26.1,,107,100,mariosh01
248,Sean Marks,C,26,MIA,21,6,319,6.5,15.1,.432,0.0,0.0,,6.5,15.1,.432,3.4,5.9,.588,3.3,9.6,12.9,1.4,0.9,1.7,3.3,6.9,16.5,,89,99,marksse01
249,Donny Marshall,SF,29,NJN,20,0,118,3.5,12.9,.276,0.9,1.8,.500,2.7,11.1,.240,5.3,8.0,.667,3.5,5.8,9.3,2.2,1.3,0.0,0.9,6.2,13.3,,100,103,marshdo02
250,Donyell Marshall,SF,28,UTA,58,42,1750,10.4,20.1,.519,0.4,1.3,.310,10.0,18.8,.533,4.9,6.9,.708,4.8,8.7,13.5,3.1,1.5,2.0,3.8,4.6,26.1,,109,103,marshdo01
251,Darrick Martin,PG,30,DAL,3,0,22,0.0,23.5,.000,0.0,4.7,.000,0.0,18.8,.000,2.4,4.7,.500,0.0,2.4,2.4,7.1,4.7,0.0,2.4,9.4,2.4,,26,105,martida01
252,Kenyon Martin,PF,24,NJN,73,73,2504,9.3,20.1,.463,0.3,1.4,.224,9.0,18.7,.480,3.8,5.6,.678,2.4,5.7,8.1,4.0,1.9,2.5,3.6,5.5,22.7,,98,99,martike01
253,Jamal Mashburn,SF,29,CHH,40,40,1601,10.1,24.9,.407,1.4,3.7,.366,8.8,21.1,.415,7.1,8.1,.876,1.0,7.1,8.1,5.7,1.5,0.2,3.7,2.7,28.7,,103,105,mashbja01
254,Anthony Mason,PF,35,MIL,82,82,3143,5.3,10.6,.505,0.0,0.0,1.000,5.3,10.6,.504,2.6,3.7,.697,2.1,8.8,10.9,5.9,1.0,0.4,2.2,3.2,13.3,,113,108,masonan01
255,Desmond Mason,SF,24,SEA,75,20,2420,8.0,17.1,.464,0.4,1.3,.271,7.6,15.8,.480,4.5,5.3,.848,2.0,5.8,7.8,2.3,1.5,0.6,2.3,3.8,20.7,,108,107,masonde01
256,Tony Massenburg,PF,34,MEM,73,31,1247,6.7,14.7,.456,0.0,0.0,1.000,6.7,14.7,.454,3.5,4.9,.718,4.2,9.5,13.7,1.1,1.3,1.3,2.7,7.4,17.0,,99,105,masseto01
257,Walter McCarty,PF,27,BOS,56,0,718,5.8,13.0,.444,2.8,7.2,.394,3.0,5.9,.506,0.9,1.4,.684,2.3,6.9,9.3,3.0,1.3,0.5,1.6,6.0,15.3,,112,103,mccarwa01
258,Amal McCaskill,C,28,SAS,27,0,153,7.0,17.1,.408,0.0,0.0,,7.0,17.1,.408,4.2,9.1,.462,5.6,7.0,12.5,1.4,2.1,3.5,4.9,8.0,18.1,,84,97,mccasam01
259,George McCloud,SF,34,DEN,69,26,1830,6.0,16.7,.358,1.7,6.4,.270,4.2,10.3,.412,3.8,4.7,.810,1.9,5.3,7.3,5.9,1.7,0.6,4.2,5.1,17.5,,93,109,mccloge01
260,Jelani McCoy,C,24,LAL,21,0,104,6.0,10.5,.571,0.0,0.0,,6.0,10.5,.571,1.0,4.0,.250,4.0,8.5,12.5,3.5,0.0,2.5,4.0,7.0,13.0,,94,103,mccoyje01
261,Antonio McDyess,PF,27,DEN,10,10,236,9.7,16.9,.573,0.0,0.0,,9.7,16.9,.573,6.1,7.4,.818,4.1,8.3,12.4,4.1,2.3,1.8,4.5,4.5,25.4,,113,105,mcdyean01
262,Tracy McGrady*,SG,22,ORL,76,76,2912,12.6,28.1,.451,1.8,5.0,.364,10.8,23.0,.470,7.3,9.8,.748,2.7,7.9,10.6,7.1,2.1,1.3,3.3,2.5,34.5,,111,103,mcgratr01
263,Jeff McInnis,PG,27,LAC,81,80,3030,8.1,19.7,.413,1.3,4.1,.321,6.8,15.6,.437,3.2,3.9,.836,0.8,3.0,3.7,8.8,1.1,0.1,2.6,3.6,20.8,,107,111,mcinnje01
264,Derrick McKey,SF,35,PHI,41,1,784,3.6,8.4,.426,0.3,0.8,.417,3.2,7.6,.427,0.7,1.0,.714,3.3,5.4,8.7,3.1,2.8,0.3,1.5,6.2,8.2,,104,100,mckeyde01
265,Aaron McKie,SG,29,PHI,48,16,1471,8.1,18.0,.449,1.9,4.7,.398,6.2,13.3,.467,3.5,4.5,.787,1.0,6.1,7.0,6.6,2.1,0.5,3.4,2.7,21.6,,106,101,mckieaa01
266,Stanislav Medvedenko,C,22,LAL,71,6,729,10.4,21.7,.477,0.0,0.3,.000,10.4,21.4,.483,2.9,4.4,.661,6.1,5.2,11.3,3.1,2.1,0.8,3.0,8.5,23.7,,104,103,medvest01
267,Ron Mercer,SG,25,TOT,53,41,1716,9.6,24.2,.397,0.6,1.9,.290,9.0,22.3,.406,2.9,3.7,.798,1.5,3.9,5.5,3.9,1.0,0.4,2.7,3.3,22.7,,90,111,mercero01
267,Ron Mercer,SG,25,CHI,40,40,1503,10.1,25.3,.399,0.6,2.0,.298,9.5,23.3,.408,3.0,3.8,.778,1.6,3.9,5.5,4.2,1.1,0.4,2.8,3.0,23.7,,90,111,mercero01
267,Ron Mercer,SG,25,IND,13,1,213,6.1,16.4,.373,0.2,1.2,.200,5.9,15.2,.387,2.7,2.7,1.000,1.5,4.2,5.6,2.5,0.5,0.7,2.2,5.4,15.2,,89,109,mercero01
268,Chris Mihm,C,22,CLE,74,60,1659,7.1,16.9,.420,0.1,0.2,.429,7.0,16.6,.420,4.0,5.7,.693,4.3,8.3,12.6,0.8,0.6,2.9,3.1,8.3,18.2,,94,107,mihmch01
269,Darius Miles,SF,20,LAC,82,6,2227,7.4,15.4,.481,0.1,0.5,.158,7.3,14.9,.491,3.8,6.1,.620,2.6,8.2,10.8,4.4,1.7,2.5,3.8,4.4,18.6,,99,104,milesda01
270,Andre Miller,PG,25,CLE,81,81,3023,8.3,18.4,.454,0.4,1.5,.253,7.9,16.8,.472,6.4,7.9,.817,1.9,4.8,6.7,15.5,2.2,0.6,4.3,4.0,23.5,,115,109,millean02
271,Brad Miller,C,25,TOT,76,75,2263,8.5,17.1,.499,0.1,0.2,.429,8.5,16.9,.500,6.9,8.9,.775,5.9,8.6,14.5,3.5,1.8,1.0,2.7,5.7,24.0,,117,105,millebr01
271,Brad Miller,C,25,CHI,48,47,1391,7.9,17.2,.460,0.1,0.2,.500,7.9,17.1,.460,7.2,9.6,.751,6.7,8.6,15.3,3.8,2.0,1.1,2.8,5.9,23.2,,113,105,millebr01
271,Brad Miller,C,25,IND,28,28,872,9.5,16.8,.562,0.1,0.2,.333,9.4,16.6,.565,6.4,7.8,.823,4.6,8.6,13.2,3.1,1.4,0.7,2.5,5.3,25.4,,124,104,millebr01
272,Mike Miller,SF,21,ORL,63,53,2123,8.5,19.5,.438,2.8,7.4,.383,5.7,12.1,.471,3.3,4.4,.762,1.2,5.4,6.6,4.8,1.1,0.6,2.6,3.5,23.2,,108,108,millemi01
273,Reggie Miller*,SG,36,IND,79,79,2889,7.5,16.5,.453,3.3,8.0,.406,4.2,8.5,.498,5.3,5.9,.911,0.4,3.5,4.0,4.6,1.6,0.2,2.2,2.6,23.6,,121,108,millere01
274,Chris Mills,SF,32,GSW,66,0,1237,7.3,17.5,.417,2.0,5.2,.378,5.3,12.3,.433,3.5,4.4,.794,2.1,5.7,7.8,3.0,1.3,0.5,2.3,4.9,20.1,,108,111,millsch01
275,Sam Mitchell,SF,38,MIN,74,10,726,7.2,16.6,.432,0.7,2.6,.286,6.4,14.0,.458,2.8,3.6,.776,1.3,4.7,6.0,3.3,0.9,0.3,1.9,5.8,17.8,,103,109,mitchsa01
276,Cuttino Mobley,SG,26,HOU,74,74,3116,10.4,23.7,.438,2.6,6.6,.395,7.8,17.1,.455,4.7,5.5,.850,1.1,4.1,5.2,3.3,1.9,0.6,3.1,3.3,28.0,,106,110,moblecu01
277,Nazr Mohammed,C,24,ATL,82,73,2168,7.9,17.2,.461,0.0,0.0,.000,7.9,17.2,.462,3.3,5.3,.617,5.8,9.9,15.7,0.8,1.5,1.5,2.8,6.1,19.2,,100,104,mohamna01
278,Jérôme Moïso,C,23,CHH,15,0,76,5.6,14.1,.400,0.0,0.0,,5.6,14.1,.400,0.0,0.0,,2.8,14.8,17.6,2.8,2.1,1.4,5.6,8.5,11.3,,69,97,moisoje01
279,Eric Montross,C,30,TOR,49,24,655,4.4,10.9,.402,0.0,0.1,.000,4.4,10.8,.405,0.8,2.6,.323,3.0,8.6,11.6,1.3,1.0,1.9,2.1,7.6,9.6,,83,103,montrer01
280,Mikki Moore,C,26,DET,30,0,217,7.1,15.0,.475,0.2,0.5,.500,6.9,14.5,.475,4.9,6.4,.769,5.4,7.6,13.0,2.7,1.7,2.2,3.4,8.6,19.4,,107,101,mooremi01
281,Terence Morris,SF,23,HOU,68,12,1110,5.4,14.2,.384,0.7,3.8,.192,4.7,10.3,.455,0.9,1.4,.643,3.8,6.6,10.3,3.1,1.0,1.3,2.2,3.5,12.5,,94,110,morrite01
282,Hanno Möttölä,C,25,ATL,82,14,1371,6.4,14.6,.440,0.0,0.5,.077,6.4,14.1,.453,2.2,2.9,.750,3.1,7.1,10.2,1.9,0.8,0.7,2.7,6.6,15.1,,94,108,mottoha01
283,Alonzo Mourning*,C,31,MIA,75,74,2455,10.0,19.4,.516,0.0,0.1,.333,10.0,19.3,.517,6.3,9.6,.657,4.1,10.1,14.1,1.9,0.6,4.2,4.1,5.8,26.3,,104,97,mournal01
284,Troy Murphy,PF,21,GSW,82,4,1448,6.2,14.8,.421,0.1,0.3,.333,6.1,14.5,.423,4.2,5.5,.776,3.5,7.8,11.3,2.5,1.3,0.7,2.9,7.6,16.8,,101,109,murphtr01
285,Lamond Murray,SF,28,CLE,71,68,2312,9.9,22.7,.436,2.3,5.5,.424,7.6,17.2,.440,4.9,6.0,.817,1.9,6.7,8.6,3.6,1.6,1.0,3.2,3.4,27.0,,105,109,murrala01
286,Tracy Murray,SF,30,TOR,40,3,473,9.7,23.7,.411,4.6,11.9,.385,5.1,11.8,.437,1.9,2.4,.810,2.1,4.0,6.1,2.2,1.3,0.9,2.9,4.3,26.0,,103,107,murratr01
287,Dikembe Mutombo*,C,35,PHI,80,80,2907,6.0,11.9,.501,0.0,0.0,,6.0,11.9,.501,5.2,6.8,.764,4.7,11.3,16.0,1.5,0.5,3.5,2.9,4.5,17.1,,111,98,mutomdi01
288,Mamadou N'Diaye,C,26,TOR,5,0,46,7.1,11.8,.600,0.0,0.0,,7.1,11.8,.600,9.4,11.8,.800,7.1,5.9,12.9,0.0,0.0,2.4,1.2,7.1,23.5,,145,106,ndiayma02
289,Lee Nailon,SF,26,CHH,79,41,1912,10.3,21.4,.483,0.0,0.1,.500,10.3,21.3,.483,3.1,4.2,.747,2.9,5.3,8.1,2.6,1.7,0.5,2.7,4.9,23.8,,103,106,nailole01
290,Eduardo Nájera,PF,25,DAL,62,11,1357,5.7,11.4,.500,0.0,0.1,.000,5.7,11.4,.503,3.8,5.6,.676,5.7,7.4,13.0,1.4,2.1,1.1,1.5,5.9,15.2,,119,106,najered01
291,Steve Nash*,PG,27,DAL,82,82,2837,9.6,19.8,.483,2.8,6.3,.455,6.7,13.6,.495,4.7,5.3,.887,0.9,3.7,4.6,11.6,1.0,0.1,4.2,3.0,26.7,,118,112,nashst01
292,Tyrone Nesby,SF,26,WAS,70,9,1498,6.6,15.3,.435,0.5,1.7,.277,6.2,13.6,.455,2.3,3.4,.688,3.8,7.7,11.5,3.3,2.2,0.8,1.8,5.9,16.1,,105,104,nesbyty01
293,Rasho Nesterović,C,25,MIN,82,82,2218,7.7,15.7,.493,0.0,0.0,.000,7.7,15.7,.494,0.9,1.7,.549,4.8,8.0,12.8,1.8,1.1,2.6,2.2,6.3,16.4,,104,104,nestera01
294,Ira Newble,SF,27,ATL,42,35,1273,5.4,10.8,.498,0.0,0.3,.143,5.3,10.5,.508,3.1,3.6,.852,3.3,5.8,9.1,1.8,1.6,0.8,2.0,4.8,13.9,,111,107,newblir01
295,Johnny Newman,SF,38,DAL,47,17,724,4.8,10.6,.453,1.6,4.1,.386,3.2,6.5,.495,3.0,4.1,.724,0.6,2.9,3.5,1.0,2.1,0.3,1.5,6.3,14.1,,109,110,newmajo01
296,Moochie Norris,PG,28,HOU,82,26,2249,6.1,15.3,.398,0.9,3.2,.269,5.2,12.0,.433,3.1,4.1,.751,1.8,4.2,6.0,9.8,2.0,0.1,3.8,3.1,16.1,,101,111,norrimo01
297,Dirk Nowitzki*,C,23,DAL,76,76,2891,10.7,22.5,.477,2.5,6.3,.397,8.2,16.2,.508,7.9,9.2,.853,2.1,11.4,13.5,3.3,1.5,1.4,2.6,4.0,31.8,,120,104,nowitdi01
298,Jermaine O'Neal,PF,23,IND,72,72,2707,10.5,21.9,.479,0.0,0.3,.071,10.5,21.6,.484,5.5,8.0,.688,3.6,11.0,14.6,2.3,0.9,3.2,3.4,5.2,26.4,,102,101,onealje01
299,Shaquille O'Neal*,C,29,LAL,67,66,2422,15.3,26.4,.579,0.0,0.0,.000,15.3,26.4,.580,8.6,15.4,.555,5.1,10.3,15.4,4.3,0.9,2.9,3.7,4.3,39.2,,116,99,onealsh01
300,Charles Oakley,PF,38,CHI,57,36,1383,3.7,10.1,.369,0.0,0.2,.167,3.7,9.9,.374,0.8,1.1,.750,2.8,10.4,13.1,4.4,1.9,0.4,3.3,6.7,8.3,,80,105,oaklech01
301,Lamar Odom,SF,22,LAC,29,25,999,8.1,19.2,.419,0.9,4.5,.190,7.2,14.7,.489,3.3,5.0,.656,1.7,7.7,9.4,9.1,1.2,1.9,5.2,4.9,20.2,,94,105,odomla01
302,Hakeem Olajuwon*,C,39,TOR,61,37,1378,7.6,16.4,.464,0.0,0.1,.000,7.6,16.3,.466,1.8,3.3,.560,3.8,10.5,14.4,2.6,2.9,3.5,3.8,5.8,17.1,,91,96,olajuha01
303,Dean Oliver,PG,23,GSW,20,0,139,6.2,16.8,.370,0.7,4.7,.154,5.5,12.1,.455,2.2,3.3,.667,0.0,2.9,2.9,7.7,1.1,0.0,4.0,5.8,15.3,,88,114,olivede01
304,Kevin Ollie,PG,29,TOT,81,17,1723,4.2,10.8,.388,0.0,0.1,.500,4.2,10.7,.387,5.7,6.9,.824,0.8,4.9,5.6,8.9,1.9,0.1,3.2,3.0,14.1,,104,108,ollieke01
304,Kevin Ollie,PG,29,CHI,52,17,1146,4.5,11.7,.383,0.0,0.1,.500,4.4,11.6,.382,5.0,6.0,.838,0.8,5.1,5.9,8.9,1.7,0.0,3.7,3.0,14.1,,98,110,ollieke01
304,Kevin Ollie,PG,29,IND,29,0,577,3.6,9.0,.400,0.0,0.0,,3.6,9.0,.400,7.1,8.8,.804,0.6,4.4,5.1,8.9,2.4,0.1,2.4,3.0,14.3,,117,105,ollieke01
305,Michael Olowokandi,C,26,LAC,80,79,2568,8.0,18.4,.433,0.0,0.0,,8.0,18.4,.433,2.4,3.9,.622,3.4,11.3,14.8,1.9,1.1,3.0,3.6,4.5,18.4,,90,102,olowomi01
306,Greg Ostertag,C,28,UTA,74,14,1107,4.4,9.7,.453,0.0,0.0,,4.4,9.7,.453,3.0,6.2,.485,6.0,9.0,15.0,2.4,0.7,5.2,2.5,7.3,11.8,,102,102,ostergr01
307,Bo Outlaw,PF,30,TOT,83,36,1928,4.5,8.1,.555,0.0,0.1,.500,4.5,8.1,.556,1.2,2.8,.422,4.0,5.9,9.9,3.5,1.9,2.5,2.6,5.6,10.2,,104,103,outlabo01
307,Bo Outlaw,PF,30,ORL,10,0,160,4.2,6.8,.619,0.0,0.0,,4.2,6.8,.619,2.6,5.8,.444,4.8,4.5,9.3,1.6,2.9,2.9,3.5,7.4,10.9,,100,102,outlabo01
307,Bo Outlaw,PF,30,PHO,73,36,1768,4.5,8.3,.550,0.0,0.1,.500,4.5,8.2,.551,1.0,2.5,.417,3.9,6.0,9.9,3.6,1.8,2.5,2.5,5.4,10.2,,105,103,outlabo01
308,Doug Overton,PG,32,LAC,18,0,130,5.7,18.0,.318,2.9,11.1,.259,2.9,7.0,.412,1.6,2.9,.571,0.4,4.5,4.9,5.3,1.2,0.4,4.9,4.1,16.0,,80,109,overtdo01
309,Olumide Oyedeji,C,20,SEA,36,1,221,5.4,10.0,.537,0.0,0.0,,5.4,10.0,.537,2.7,4.4,.611,6.6,12.7,19.3,1.0,1.0,0.5,3.4,8.8,13.4,,105,103,oyedeol01
310,Robert Pack,PG,32,MIN,16,0,252,5.3,14.3,.368,0.2,0.8,.250,5.0,13.5,.375,2.3,3.2,.733,1.5,3.4,4.8,10.3,2.7,0.0,4.2,6.7,13.0,,92,106,packro01
311,Scott Padgett,PF,25,UTA,75,1,1295,7.7,16.2,.476,2.0,4.6,.434,5.7,11.6,.493,3.1,4.2,.735,4.6,7.1,11.7,3.4,1.8,0.5,2.8,5.7,20.5,,113,105,padgesc01
312,Milt Palacio,PG-SG,23,TOT,69,1,790,5.4,14.1,.383,0.9,2.7,.317,4.6,11.4,.399,3.6,4.9,.730,0.7,4.1,4.8,5.5,2.0,0.3,2.6,4.0,15.2,,97,105,palacmi01
312,Milt Palacio,PG,23,BOS,41,0,518,5.2,13.5,.385,1.2,3.4,.353,4.0,10.1,.396,3.6,5.1,.706,0.8,4.2,5.0,5.4,2.1,0.3,2.4,3.8,15.2,,99,103,palacmi01
312,Milt Palacio,SG,23,PHO,28,1,272,5.8,15.2,.380,0.2,1.4,.143,5.6,13.9,.403,3.5,4.4,.783,0.6,3.9,4.4,5.6,1.7,0.2,3.1,4.4,15.2,,92,107,palacmi01
313,Tony Parker*,PG,19,SAS,77,72,2267,6.3,15.0,.419,1.4,4.4,.323,4.9,10.6,.460,2.5,3.8,.675,0.8,3.9,4.6,7.9,2.1,0.2,3.6,3.9,16.6,,99,103,parketo01
314,Cherokee Parks,C,29,SAS,42,1,234,6.8,18.9,.361,0.0,0.0,,6.8,18.9,.361,0.7,1.8,.375,5.5,7.7,13.2,2.3,1.6,1.8,3.2,7.7,14.4,,82,99,parksch02
315,Ruben Patterson,SF,26,POR,75,13,1765,9.7,18.8,.515,0.3,1.1,.250,9.4,17.7,.532,5.8,8.3,.701,4.7,4.4,9.1,3.3,2.4,1.1,3.5,4.3,25.5,,112,104,patteru01
316,Gary Payton*,PG,33,SEA,82,82,3301,12.0,25.8,.467,1.2,3.9,.314,10.8,21.9,.494,4.4,5.5,.797,1.3,5.2,6.5,12.0,2.1,0.4,3.4,2.9,29.6,,114,107,paytoga01
317,Anthony Peeler,SG,32,MIN,82,0,2060,7.4,17.6,.421,2.9,7.3,.392,4.6,10.3,.441,1.3,1.5,.862,1.0,4.4,5.3,4.6,1.6,0.3,2.0,3.5,19.0,,108,108,peelean01
318,Mike Penberthy,PG,27,LAL,3,0,12,4.3,8.7,.500,0.0,0.0,,4.3,8.7,.500,13.0,17.4,.750,0.0,8.7,8.7,8.7,8.7,0.0,0.0,0.0,21.7,,156,87,penbemi01
319,Elliot Perry,PG,32,MEM,2,0,48,5.5,11.0,.500,0.0,0.0,,5.5,11.0,.500,1.1,2.2,.500,0.0,4.4,4.4,7.7,3.3,0.0,7.7,6.6,12.1,,73,106,perryel01
320,Wesley Person,SG,30,CLE,78,78,2793,8.9,18.0,.495,2.7,6.1,.444,6.2,11.8,.521,1.9,2.4,.798,1.0,4.6,5.6,3.3,1.5,0.7,1.4,1.8,22.4,,118,111,persowe01
321,Morris Peterson,SF,24,TOR,63,56,1988,9.1,20.9,.438,2.3,6.3,.364,6.9,14.6,.469,3.5,4.6,.751,2.5,3.6,6.1,4.2,2.0,0.3,2.3,4.7,24.0,,109,106,petermo01
322,Eric Piatkowski,SG,31,LAC,71,64,1718,6.4,14.6,.439,3.4,7.4,.466,3.0,7.2,.412,3.1,3.5,.894,1.3,4.4,5.7,3.5,1.3,0.4,2.0,3.4,19.4,,120,109,piatker01
323,Paul Pierce*,SG,24,BOS,82,82,3302,11.1,25.1,.442,3.3,8.2,.404,7.8,16.9,.461,8.2,10.1,.809,1.3,7.6,8.9,4.1,2.4,1.4,3.8,3.7,33.7,,109,99,piercpa01
324,Scottie Pippen*,SF,36,POR,62,60,1996,6.6,16.1,.411,1.5,4.8,.305,5.2,11.4,.455,3.0,3.9,.774,2.1,6.6,8.6,9.8,2.7,0.9,4.6,4.4,17.7,,101,102,pippesc01
325,Scot Pollard,C,26,SAC,80,29,1881,5.3,9.6,.550,0.0,0.0,,5.3,9.6,.550,3.1,4.4,.693,5.0,10.1,15.1,1.4,1.9,2.0,1.8,5.4,13.6,,120,98,pollasc01
326,Mark Pope,PF,29,MIL,45,12,426,4.5,11.4,.396,0.5,3.1,.160,4.0,8.2,.485,1.4,2.6,.524,2.5,6.6,9.1,2.1,1.4,1.4,1.9,5.9,10.9,,92,107,popema01
327,Terry Porter,PG,38,SAS,72,0,1294,5.6,13.2,.424,2.4,5.9,.415,3.2,7.4,.430,2.8,3.4,.819,0.5,6.3,6.8,8.4,1.9,0.7,3.5,3.7,16.4,,108,101,portete01
328,James Posey,SF,25,DEN,73,63,2238,6.6,17.5,.376,1.6,5.6,.283,5.0,11.8,.421,3.8,4.8,.793,2.6,7.6,10.2,4.3,2.7,0.9,3.0,5.3,18.6,,98,105,poseyja01
329,Lavor Postell,SG,23,NYK,23,0,179,8.4,25.1,.333,1.8,7.8,.231,6.6,17.3,.379,9.3,12.3,.756,0.6,4.2,4.8,1.5,1.8,0.0,3.3,2.1,27.8,,90,108,postela01
330,Vitaly Potapenko,C,26,BOS,79,9,1343,5.3,11.6,.455,0.0,0.0,,5.3,11.6,.455,3.4,4.6,.742,6.5,7.0,13.4,1.2,1.4,0.7,2.4,6.7,14.0,,107,102,potapvi01
331,Brent Price,PG,33,SAC,20,0,89,5.1,15.2,.333,2.3,8.5,.267,2.8,6.8,.417,5.1,7.3,.692,2.3,2.3,4.5,5.1,1.7,0.6,5.6,7.3,17.5,,87,105,pricebr01
332,Joel Przybilla,C,22,MIL,71,62,1128,3.6,6.7,.535,0.0,0.0,.000,3.6,6.7,.539,1.8,4.2,.422,3.7,9.7,13.3,1.0,0.9,5.6,2.0,9.4,9.0,,101,102,przybjo01
333,Vladimir Radmanović,PF,21,SEA,61,16,1230,6.4,15.5,.412,2.9,6.9,.420,3.5,8.6,.406,2.1,3.2,.681,2.0,8.1,10.1,3.6,2.5,1.1,3.2,5.2,17.8,,101,103,radmavl01
334,Zach Randolph,PF,20,POR,41,0,238,10.8,24.2,.449,0.0,0.0,,10.8,24.2,.449,4.1,6.1,.667,7.0,8.6,15.6,2.9,1.6,0.9,3.4,6.5,25.7,,102,104,randoza01
335,Theo Ratliff,C,28,ATL,3,2,82,6.4,12.7,.500,0.0,0.0,,6.4,12.7,.500,3.8,7.0,.545,3.2,7.0,10.2,0.6,0.6,5.1,4.5,5.1,16.6,,89,104,ratlith01
336,Željko Rebrača,C,29,DET,74,4,1179,8.5,16.9,.505,0.0,0.0,,8.5,16.9,.505,6.1,7.9,.771,3.8,9.3,13.1,1.7,1.3,3.3,3.8,8.7,23.2,,105,100,rebraze01
337,Eldridge Recasner,PG-SG,34,TOT,6,0,33,3.2,9.7,.333,0.0,1.6,.000,3.2,8.1,.400,1.6,1.6,1.000,0.0,0.0,0.0,8.1,1.6,0.0,1.6,6.5,8.1,,98,112,recasel01
337,Eldridge Recasner,SG,34,CHH,1,0,2,0.0,0.0,,0.0,0.0,,0.0,0.0,,0.0,0.0,,0.0,0.0,0.0,0.0,0.0,0.0,0.0,26.8,0.0,,,112,recasel01
337,Eldridge Recasner,PG,34,LAC,5,0,31,3.4,10.3,.333,0.0,1.7,.000,3.4,8.6,.400,1.7,1.7,1.000,0.0,0.0,0.0,8.6,1.7,0.0,1.7,5.2,8.6,,98,112,recasel01
338,Michael Redd,SG,22,MIL,67,8,1417,11.0,22.9,.483,3.3,7.4,.444,7.7,15.4,.501,3.4,4.3,.791,2.9,5.5,8.4,3.4,1.6,0.3,2.1,3.6,28.8,,116,109,reddmi01
339,Don Reid,PF,28,ORL,68,5,714,6.5,13.7,.474,0.0,0.0,,6.5,13.7,.474,3.2,4.9,.647,4.7,8.0,12.7,1.9,1.4,3.2,3.9,13.0,16.2,,96,102,reiddo01
340,Glen Rice,SF,34,HOU,20,20,606,5.8,15.0,.389,1.6,5.7,.281,4.2,9.3,.456,2.2,2.7,.800,0.4,3.8,4.2,2.8,1.1,0.3,2.2,3.1,15.4,,96,113,ricegl01
341,Jason Richardson,SG,21,GSW,80,75,2629,9.0,21.1,.426,1.6,4.8,.333,7.4,16.3,.453,2.7,4.1,.671,2.4,4.2,6.6,4.6,2.0,0.6,3.1,3.8,22.2,,102,110,richaja01
342,Norm Richardson,SG,22,TOT,11,0,67,7.9,20.6,.385,3.2,6.3,.500,4.7,14.2,.333,4.7,7.1,.667,2.4,4.0,6.3,1.6,0.0,0.0,2.4,4.0,23.7,,98,114,richano01
342,Norm Richardson,SG,22,IND,3,0,4,0.0,39.2,.000,0.0,0.0,,0.0,39.2,.000,0.0,0.0,,13.1,0.0,13.1,13.1,0.0,0.0,0.0,0.0,0.0,,41,114,richano01
342,Norm Richardson,SG,22,CHI,8,0,63,8.4,19.4,.435,3.4,6.7,.500,5.0,12.6,.400,5.0,7.6,.667,1.7,4.2,5.9,0.8,0.0,0.0,2.5,4.2,25.2,,104,114,richano01
343,Quentin Richardson,SG,21,LAC,81,0,2152,9.9,22.9,.432,3.3,8.6,.381,6.6,14.3,.463,3.5,4.6,.765,2.8,5.5,8.3,3.2,1.9,0.5,2.5,3.5,26.6,,110,107,richaqu01
344,Mitch Richmond*,SG,36,LAL,64,2,709,7.4,18.2,.405,1.3,4.6,.290,6.0,13.6,.443,3.1,3.2,.955,1.0,5.9,6.9,4.2,1.3,0.4,2.9,4.5,19.1,,98,104,richmmi01
345,Isaiah Rider,SG,30,DEN,10,1,173,11.4,24.9,.457,1.8,4.6,.400,9.5,20.3,.470,4.0,5.2,.765,3.1,7.1,10.1,3.7,0.9,0.6,4.3,3.4,28.6,,100,110,rideris01
346,Clifford Robinson,PF,35,DET,80,80,2855,8.5,20.0,.425,2.1,5.7,.378,6.3,14.3,.443,2.7,3.8,.694,1.5,5.7,7.2,3.8,1.7,1.8,2.8,4.5,21.8,,98,103,robincl02
347,David Robinson*,C,36,SAS,78,78,2303,7.9,15.6,.507,0.0,0.0,,7.9,15.6,.507,6.2,9.1,.681,4.4,10.6,15.0,2.2,2.0,3.2,2.4,4.5,22.0,,114,95,robinda01
348,Eddie Robinson,SF,25,CHI,29,12,653,9.1,20.1,.453,0.2,0.4,.400,8.9,19.6,.455,2.9,3.9,.750,1.9,4.4,6.3,3.0,1.9,0.9,2.9,2.8,21.3,,95,109,robined01
349,Glenn Robinson,SF,29,MIL,66,63,2346,12.2,26.0,.467,1.3,4.0,.326,10.8,22.0,.493,5.4,6.4,.837,1.6,7.6,9.2,3.8,2.2,0.9,3.9,3.9,31.0,,103,106,robingl01
350,Larry Robinson,SG,34,NYK,2,0,10,5.4,21.4,.250,5.4,10.7,.500,0.0,10.7,.000,0.0,0.0,,0.0,10.7,10.7,0.0,0.0,0.0,0.0,5.4,16.1,,81,107,robinla01
351,Carlos Rogers,C,30,IND,22,1,168,7.5,13.4,.558,0.3,1.9,.167,7.1,11.5,.622,3.1,5.9,.526,4.4,7.5,11.8,0.9,1.6,1.9,1.6,5.3,18.3,,115,103,rogerca01
352,Rodney Rogers,SF,30,TOT,77,8,1880,9.9,21.0,.471,2.4,6.5,.374,7.5,14.5,.514,3.3,4.1,.785,3.6,6.1,9.7,3.1,1.8,0.8,3.0,6.3,25.5,,109,104,rogerro01
352,Rodney Rogers,SF,30,PHO,50,7,1254,10.4,22.4,.466,2.1,5.9,.350,8.4,16.5,.508,3.4,4.1,.828,4.0,6.1,10.1,3.0,2.1,0.7,2.8,6.2,26.3,,110,104,rogerro01
352,Rodney Rogers,SF,30,BOS,27,1,626,8.9,18.4,.482,3.2,7.9,.411,5.6,10.5,.535,2.9,4.1,.700,2.8,6.1,8.9,3.3,1.3,1.0,3.5,6.5,23.9,,108,103,rogerro01
353,Sean Rooks,C,32,LAC,61,2,728,5.9,14.2,.418,0.0,0.0,,5.9,14.2,.418,1.5,2.1,.724,2.3,6.7,9.1,1.8,0.9,1.5,1.5,8.3,13.4,,97,107,rooksse01
354,Jalen Rose,SF,29,TOT,83,83,3153,11.0,24.3,.455,1.5,4.1,.362,9.6,20.2,.474,4.7,5.6,.839,0.7,5.5,6.2,5.9,1.3,0.7,3.3,4.2,28.3,,103,107,roseja01
354,Jalen Rose,SF,29,IND,53,53,1937,10.4,23.5,.444,1.4,3.9,.356,9.0,19.5,.462,4.2,5.0,.839,0.8,5.9,6.7,5.3,1.2,0.8,2.8,4.0,26.5,,103,106,roseja01
354,Jalen Rose,SF,29,CHI,30,30,1216,12.0,25.6,.470,1.6,4.4,.370,10.4,21.2,.491,5.5,6.5,.839,0.6,4.8,5.4,6.9,1.4,0.7,4.2,4.5,31.1,,104,110,roseja01
355,Malik Rose,PF,27,SAS,82,1,1725,9.1,19.6,.463,0.0,0.4,.083,9.0,19.2,.470,5.7,7.9,.720,5.3,9.9,15.2,1.9,2.2,1.3,4.3,6.4,23.9,,100,97,rosema01
356,Michael Ruffin,PF,25,PHI,15,0,169,2.2,8.3,.269,0.0,0.0,,2.2,8.3,.269,0.6,2.6,.250,7.3,8.9,16.3,1.6,1.6,2.6,3.5,7.3,5.1,,71,98,ruffimi01
357,Bryon Russell,SG,31,UTA,66,40,1998,5.9,15.5,.380,2.0,6.0,.341,3.9,9.5,.405,3.1,3.7,.821,2.1,5.7,7.9,3.6,1.7,0.5,2.9,5.5,16.9,,100,107,russebr01
358,Daniel Santiago,C,25,PHO,3,0,24,8.7,17.5,.500,0.0,0.0,,8.7,17.5,.500,0.0,0.0,,0.0,15.3,15.3,4.4,0.0,2.2,4.4,8.7,17.5,,87,100,santida01
359,Jeryl Sasser,SG,22,ORL,7,0,36,4.3,20.0,.214,0.0,0.0,,4.3,20.0,.214,5.7,7.2,.800,4.3,5.7,10.0,2.9,4.3,0.0,2.9,4.3,14.3,,75,101,sasseje01
360,Kenny Satterfield,PG,20,DEN,36,4,560,6.9,18.9,.367,0.7,2.6,.259,6.3,16.3,.384,3.4,4.4,.783,1.6,3.3,4.9,10.2,2.9,0.1,5.0,4.1,17.9,,90,108,satteke01
361,Brian Scalabrine,PF,23,NJN,28,0,290,4.1,12.1,.343,0.5,1.8,.300,3.6,10.3,.351,2.0,2.7,.733,2.2,7.0,9.2,3.8,1.6,0.4,4.3,7.0,10.8,,77,101,scalabr01
362,Shawnelle Scott,C,29,DEN,21,10,252,7.8,15.8,.493,0.0,0.0,,7.8,15.8,.493,1.7,4.2,.400,11.2,10.5,21.7,1.7,0.6,1.3,3.2,10.3,17.3,,104,107,scottsh01
363,Ansu Sesay,SF,25,SEA,9,0,142,8.4,16.7,.500,0.0,0.0,,8.4,16.7,.500,5.3,7.6,.700,2.7,4.9,7.6,3.0,1.1,0.8,0.8,6.8,22.0,,122,108,sesayan01
364,Brian Shaw,PG,35,LAL,58,0,631,5.0,14.3,.353,2.4,7.3,.330,2.6,7.0,.376,1.5,2.1,.692,1.6,7.7,9.3,7.4,2.1,0.2,2.6,3.6,14.0,,101,102,shawbr01
365,Bobby Simmons,SF,21,WAS,30,3,343,6.8,15.0,.453,0.6,2.2,.286,6.2,12.8,.481,3.5,4.8,.733,4.0,4.3,8.2,2.7,2.1,0.8,2.2,4.9,17.7,,108,107,simmobo01
366,Dickey Simpkins,PF,29,ATL,1,0,3,0.0,0.0,,0.0,0.0,,0.0,0.0,,0.0,0.0,,0.0,0.0,0.0,17.4,0.0,0.0,0.0,0.0,0.0,,215,116,simpkdi01
367,Brian Skinner,PF,25,CLE,65,8,1107,4.2,7.8,.543,0.0,0.0,,4.2,7.8,.543,2.3,3.8,.608,4.5,9.0,13.5,0.8,1.2,2.9,2.0,6.2,10.8,,110,106,skinnbr01
368,Reggie Slater,PF,31,TOT,8,0,47,7.8,16.7,.467,0.0,0.0,,7.8,16.7,.467,7.8,11.1,.700,5.6,4.4,10.0,1.1,1.1,1.1,1.1,3.3,23.3,,117,108,slatere01
368,Reggie Slater,PF,31,NJN,4,0,10,10.5,10.5,1.000,0.0,0.0,,10.5,10.5,1.000,5.2,5.2,1.000,0.0,10.5,10.5,0.0,0.0,0.0,5.2,5.2,26.1,,124,102,slatere01
368,Reggie Slater,PF,31,ATL,4,0,37,7.1,18.4,.385,0.0,0.0,,7.1,18.4,.385,8.5,12.7,.667,7.1,2.8,9.9,1.4,1.4,1.4,0.0,2.8,22.6,,116,109,slatere01
369,Charles Smith,SG,26,SAS,60,22,1141,8.5,20.0,.425,1.6,6.1,.267,6.9,13.9,.495,2.0,3.0,.646,1.6,4.6,6.2,3.7,2.4,2.1,2.8,5.3,20.6,,97,99,smithch04
370,Jabari Smith,C,24,TOT,23,0,181,7.5,18.3,.413,0.0,0.9,.000,7.5,17.4,.433,6.1,9.3,.656,2.3,5.8,8.1,3.2,1.7,1.7,1.4,9.0,21.2,,104,101,smithja01
370,Jabari Smith,C,24,SAC,12,0,71,4.2,14.9,.286,0.0,0.7,.000,4.2,14.1,.300,4.2,8.5,.500,1.4,8.5,9.9,4.2,1.4,2.8,1.4,8.5,12.7,,83,99,smithja01
370,Jabari Smith,C,24,PHI,11,0,110,9.8,20.6,.476,0.0,1.0,.000,9.8,19.6,.500,7.4,9.8,.750,2.9,3.9,6.9,2.5,2.0,1.0,1.5,9.3,27.0,,116,102,smithja01
371,Joe Smith,C,26,MIN,72,63,1922,8.2,16.0,.511,0.1,0.1,.667,8.1,15.9,.510,4.7,5.7,.830,4.2,8.3,12.5,2.3,1.1,1.6,2.4,6.9,21.2,,116,105,smithjo02
372,Leon Smith,C,21,ATL,14,0,100,5.2,13.6,.385,0.0,0.0,,5.2,13.6,.385,5.7,8.9,.647,5.2,11.0,16.2,1.6,2.6,0.5,1.6,6.3,16.2,,105,102,smithle01
373,Steve Smith,SG,32,SAS,77,76,2211,7.5,16.4,.455,2.8,5.9,.472,4.7,10.5,.445,3.8,4.4,.878,1.1,3.6,4.7,3.6,1.3,0.4,2.6,3.8,21.6,,113,104,smithst01
374,Eric Snow,PG,28,PHI,61,61,2225,6.7,15.1,.442,0.1,0.7,.111,6.6,14.5,.457,4.4,5.5,.806,0.8,4.4,5.2,9.7,2.3,0.2,3.3,4.1,17.9,,106,102,snower01
375,Will Solomon,SG,23,MEM,62,4,872,6.8,20.0,.341,2.8,9.8,.284,4.0,10.2,.396,3.0,4.4,.671,0.7,3.4,4.1,5.6,2.1,0.4,3.7,4.6,19.4,,88,109,solomwi01
376,Felton Spencer,C,34,NYK,32,8,248,1.3,5.6,.231,0.0,0.0,,1.3,5.6,.231,3.7,7.1,.515,3.5,7.3,10.8,0.6,1.5,1.7,2.6,15.7,6.3,,75,104,spencfe01
377,Latrell Sprewell,SF,31,NYK,81,81,3326,9.2,22.8,.404,2.3,6.5,.360,6.9,16.3,.421,4.6,5.6,.821,0.9,3.8,4.8,5.0,1.5,0.2,3.6,2.6,25.3,,98,109,sprewla01
378,Jerry Stackhouse,SF,27,DET,76,76,2685,10.4,26.2,.397,1.7,6.0,.287,8.7,20.2,.430,9.8,11.5,.858,1.5,4.7,6.3,8.0,1.5,0.7,5.3,3.2,32.4,,102,105,stackje01
379,John Starks,SG,36,UTA,66,1,929,6.5,17.7,.368,1.7,5.4,.305,4.9,12.3,.395,1.9,2.3,.805,0.9,3.0,3.9,4.0,1.9,0.0,3.0,7.2,16.6,,90,108,starkjo01
380,Vladimir Stepania,C,25,MIA,67,4,884,7.3,15.5,.470,0.1,0.1,.500,7.2,15.3,.470,3.1,6.5,.481,6.2,10.6,16.8,1.0,1.5,2.7,3.2,6.4,17.7,,95,96,stepavl01
381,DeShawn Stevenson,SG,20,UTA,67,23,1134,6.7,17.4,.385,0.1,1.2,.080,6.6,16.2,.408,1.7,2.5,.698,2.1,4.1,6.1,5.4,1.4,1.1,3.2,3.8,15.2,,89,108,stevede01
382,Michael Stewart,C,26,TOR,11,0,93,4.7,13.4,.348,0.0,0.0,,4.7,13.4,.348,3.5,6.4,.545,7.0,7.6,14.5,1.7,2.3,1.7,2.3,12.8,12.8,,93,101,stewami01
383,Bryant Stith,SG,31,CLE,50,5,665,5.6,15.0,.372,1.9,5.4,.353,3.7,9.6,.383,3.5,4.2,.846,1.6,5.2,6.8,3.4,2.3,0.5,2.4,3.4,16.6,,101,109,stithbr01
384,John Stockton*,PG,39,UTA,82,82,2566,8.3,16.1,.517,0.5,1.6,.321,7.8,14.4,.539,5.7,6.7,.857,1.2,4.2,5.5,14.0,3.2,0.5,4.3,4.3,22.8,,120,105,stockjo01
385,Peja Stojaković,SF,24,SAC,71,71,2649,10.4,21.4,.484,2.4,5.9,.416,7.9,15.5,.510,5.4,6.1,.876,1.4,5.7,7.1,3.3,1.5,0.3,2.7,2.3,28.6,,115,104,stojape01
386,Damon Stoudamire,PG,28,POR,75,71,2796,7.1,17.6,.402,2.0,5.7,.353,5.1,12.0,.425,3.3,3.8,.888,1.5,4.1,5.6,9.4,1.3,0.1,2.9,2.9,19.5,,111,108,stoudda01
387,Erick Strickland,PG,28,BOS,79,4,1643,6.0,15.4,.389,3.0,7.8,.385,3.0,7.6,.394,4.1,4.9,.845,0.7,6.0,6.7,5.8,1.8,0.0,3.0,4.6,19.1,,106,103,stricer01
388,Mark Strickland,SF,31,ATL,46,10,654,7.3,16.3,.446,0.1,0.3,.250,7.2,16.0,.450,2.0,3.5,.568,3.3,7.2,10.5,1.6,1.5,1.4,2.2,3.8,16.6,,95,106,stricma01
389,Rod Strickland,PG,35,MIA,76,64,2294,7.6,17.1,.443,0.2,0.6,.308,7.4,16.5,.448,3.7,4.8,.766,1.2,4.4,5.6,11.1,2.0,0.3,3.8,2.7,19.0,,102,102,stricro02
390,Bruno Šundov,C,21,IND,22,0,88,9.5,23.7,.400,0.0,0.6,.000,9.5,23.1,.410,0.0,1.2,.000,4.2,8.3,12.5,1.8,1.8,1.8,2.4,9.5,19.0,,83,102,sundobr01
391,Bob Sura,PG,28,GSW,78,5,1780,7.1,16.8,.424,1.2,3.8,.316,5.9,13.0,.455,6.7,9.4,.720,2.5,4.8,7.3,7.8,2.5,0.5,3.8,4.6,22.2,,110,109,surabo01
392,Stromile Swift,PF,22,MEM,68,14,1805,8.6,17.8,.480,0.0,0.1,.000,8.6,17.7,.482,6.3,8.9,.711,4.7,7.9,12.5,1.5,1.5,3.3,3.6,5.2,23.4,,103,104,swiftst01
393,Wally Szczerbiak,SF,24,MIN,82,82,3117,10.4,20.4,.508,1.5,3.2,.455,8.9,17.2,.517,3.8,4.6,.831,2.0,4.6,6.7,4.4,1.1,0.4,3.1,3.2,26.0,,113,108,szczewa02
394,Jason Terry,SG,24,ATL,78,78,2967,9.2,21.5,.430,3.0,7.8,.387,6.2,13.6,.454,5.0,6.0,.835,0.7,4.0,4.8,7.8,2.5,0.2,3.2,2.7,26.5,,111,107,terryja01
395,Etan Thomas,C,23,WAS,47,0,618,7.1,13.3,.536,0.0,0.0,,7.1,13.3,.536,3.6,6.5,.554,4.8,11.1,15.9,0.5,1.5,3.1,2.3,6.7,17.8,,109,101,thomaet01
396,Kenny Thomas,PF,24,HOU,72,71,2484,8.7,18.2,.478,0.0,0.4,.000,8.7,17.8,.487,4.9,7.4,.664,3.5,7.8,11.3,3.0,1.9,1.4,3.1,4.3,22.2,,104,107,thomake01
397,Kurt Thomas,C,29,NYK,82,82,2771,8.9,18.1,.494,0.0,0.1,.167,8.9,18.0,.496,4.2,5.1,.815,4.1,10.3,14.4,1.7,1.4,1.5,3.0,6.6,22.1,,105,103,thomaku01
398,Tim Thomas,SF,24,MIL,74,22,1987,8.5,20.2,.420,2.5,7.8,.326,5.9,12.4,.478,3.8,4.8,.793,1.7,6.3,8.0,2.8,1.7,0.9,3.4,5.4,23.3,,99,107,thomati01
399,Jamaal Tinsley,PG,23,IND,80,78,2442,6.2,16.2,.380,0.9,3.7,.240,5.3,12.5,.422,2.8,4.0,.704,1.7,4.7,6.4,13.8,3.0,0.9,5.8,5.3,16.1,,93,103,tinslja01
400,Óscar Torres,SG,25,HOU,65,13,1075,6.8,17.3,.396,1.9,6.4,.294,5.0,10.9,.456,4.2,5.3,.781,2.4,3.8,6.2,2.0,1.3,0.5,2.5,3.2,19.7,,102,112,torreos01
401,Robert Traylor,PF,24,CHH,61,1,678,6.9,16.1,.426,0.1,0.1,1.000,6.8,16.0,.424,4.2,6.6,.631,5.3,9.5,14.8,2.9,1.9,2.9,3.6,10.0,18.0,,97,99,traylro01
402,Gary Trent,PF,27,MIN,64,10,1140,9.0,17.7,.507,0.0,0.1,.000,9.0,17.6,.509,4.3,6.7,.639,4.8,7.7,12.6,2.8,1.0,1.3,2.7,7.4,22.2,,110,105,trentga01
403,Jeff Trepagnier,SG,22,CLE,12,0,77,4.8,15.9,.304,0.0,0.7,.000,4.8,15.2,.318,2.8,4.8,.571,2.1,6.2,8.3,8.3,5.5,2.8,7.6,5.5,12.4,,68,99,trepaje01
404,Jake Tsakalidis,C,22,PHO,67,47,1582,6.3,13.3,.475,0.0,0.0,.000,6.3,13.2,.476,3.7,5.3,.698,4.3,8.1,12.4,0.8,0.8,2.3,2.6,6.4,16.3,,103,104,tsakaja01
405,Hedo Türkoğlu,SF,22,SAC,80,10,1970,7.4,17.5,.422,1.6,4.4,.368,5.8,13.2,.440,4.3,5.9,.726,1.6,7.6,9.3,4.2,1.5,0.8,2.1,4.7,20.7,,107,102,turkohe01
406,Nick Van Exel,PG-SG,30,TOT,72,46,2496,10.6,25.9,.409,2.5,7.4,.340,8.1,18.5,.436,4.2,5.3,.801,0.6,4.8,5.4,10.1,0.9,0.2,3.3,2.2,27.9,,106,112,vanexni01
406,Nick Van Exel,PG,30,DEN,45,44,1739,11.4,27.9,.408,2.6,7.7,.337,8.8,20.2,.435,4.2,5.3,.782,0.6,4.6,5.2,11.1,0.9,0.2,3.5,2.1,29.5,,105,112,vanexni01
406,Nick Van Exel,SG,30,DAL,27,2,757,8.8,21.4,.411,2.3,6.7,.347,6.5,14.8,.440,4.4,5.3,.844,0.6,5.2,5.8,7.7,1.0,0.3,2.7,2.4,24.4,,108,111,vanexni01
407,Keith Van Horn,SF,26,NJN,81,81,2465,10.0,23.1,.433,2.1,6.2,.345,7.8,16.9,.465,3.3,4.1,.800,2.9,10.0,12.9,3.5,1.3,0.9,3.1,4.7,25.4,,102,99,vanhoke01
408,Ratko Varda,C,22,DET,1,0,6,17.8,26.7,.667,0.0,0.0,,17.8,26.7,.667,8.9,8.9,1.000,0.0,8.9,8.9,0.0,0.0,0.0,8.9,26.7,44.4,,102,105,vardara01
409,Jacque Vaughn,PG,26,ATL,82,16,1856,5.8,12.3,.470,0.7,1.5,.444,5.1,10.8,.474,2.9,3.5,.825,0.5,4.2,4.7,9.8,1.8,0.1,3.2,5.2,15.2,,110,109,vaughja01
410,Jake Voskuhl,C,24,PHO,59,34,900,6.2,11.3,.554,0.0,0.0,,6.2,11.3,.554,4.8,6.4,.752,6.0,8.6,14.6,1.0,0.6,1.3,2.8,8.1,17.3,,117,105,voskuja01
411,Antoine Walker,PF,25,BOS,81,81,3406,10.1,25.7,.394,3.4,9.8,.344,6.8,15.9,.425,3.7,4.9,.741,2.3,8.6,10.9,6.2,1.9,0.6,3.8,3.6,27.3,,99,101,walkean02
412,Samaki Walker,PF,25,LAL,69,63,1655,5.9,11.5,.512,0.0,0.0,,5.9,11.5,.512,2.7,4.1,.667,4.1,11.1,15.1,2.0,0.9,2.8,1.7,5.4,14.5,,114,99,walkesa01
413,Ben Wallace*,C,27,DET,80,80,2921,4.7,8.8,.531,0.0,0.1,.000,4.7,8.7,.535,1.8,4.3,.423,5.8,13.2,19.0,2.1,2.5,5.1,1.3,3.2,11.1,,117,93,wallabe01
414,Gerald Wallace,SF,19,SAC,54,1,430,8.8,20.4,.429,0.0,0.8,.000,8.8,19.6,.446,2.7,5.4,.500,5.7,4.7,10.4,3.2,2.2,0.7,2.6,5.4,20.2,,97,102,wallage01
415,John Wallace,SF,27,PHO,46,0,490,10.0,22.9,.435,0.5,1.4,.385,9.4,21.5,.438,4.3,4.9,.870,2.9,6.2,9.1,3.1,1.2,1.0,3.1,6.4,24.7,,100,106,wallajo01
416,Rasheed Wallace,PF,27,POR,79,79,2963,10.9,23.3,.469,2.1,5.7,.360,8.9,17.6,.504,3.6,5.0,.734,2.5,9.2,11.7,2.8,1.8,1.8,2.4,3.8,27.6,,110,102,wallara01
417,Charlie Ward,PG,31,NYK,63,0,1058,5.7,15.3,.373,2.7,8.3,.323,3.0,7.0,.432,2.4,2.9,.810,0.8,5.7,6.4,10.3,3.4,0.7,3.8,5.1,16.5,,101,103,wardch01
418,Earl Watson,PG,22,SEA,64,0,964,5.4,11.9,.453,0.9,2.5,.364,4.5,9.4,.476,1.3,2.0,.639,1.7,2.9,4.6,7.0,3.4,0.3,2.9,5.2,12.9,,104,106,watsoea01
419,Clarence Weatherspoon,PF,31,NYK,56,41,1728,5.9,14.0,.418,0.0,0.0,,5.9,14.0,.418,3.6,4.5,.795,4.6,9.6,14.2,1.9,1.1,1.5,1.5,4.1,15.3,,106,104,weathcl01
420,Chris Webber*,PF,28,SAC,54,54,2071,12.9,26.1,.495,0.1,0.5,.263,12.8,25.6,.499,6.1,8.2,.749,3.6,9.6,13.2,6.3,2.2,1.8,3.8,4.4,32.1,,109,98,webbech01
421,Bonzi Wells,SG,25,POR,74,69,2348,11.1,23.8,.469,1.5,3.9,.384,9.6,19.8,.486,4.9,6.6,.741,2.8,7.4,10.2,4.7,2.6,0.6,4.4,4.8,28.7,,104,103,wellsbo01
422,David Wesley,SG,31,CHH,67,63,2487,7.8,19.6,.400,1.8,5.5,.332,6.0,14.1,.427,3.0,4.0,.734,0.9,2.1,3.1,5.1,1.6,0.3,2.6,3.2,20.5,,100,108,wesleda01
423,Jahidi White,C,25,WAS,71,69,1346,6.1,11.3,.538,0.0,0.0,,6.1,11.3,.538,3.4,6.2,.539,6.4,11.5,17.9,0.7,1.0,3.0,2.6,6.6,15.5,,109,102,whiteja01
424,Rodney White,SF,21,DET,16,0,129,8.7,24.8,.350,0.8,3.7,.222,7.9,21.1,.373,5.0,5.8,.857,0.8,6.6,7.4,5.0,3.7,0.8,5.8,2.5,23.1,,80,99,whitero02
425,Chris Whitney,PG,30,WAS,82,81,2171,6.9,16.4,.418,3.3,8.1,.406,3.6,8.3,.429,3.9,4.4,.880,0.3,3.5,3.8,7.9,1.8,0.2,2.1,4.6,20.8,,119,109,whitnch01
426,Aaron Williams,PF,30,NJN,82,13,1546,7.8,14.8,.526,0.0,0.1,.000,7.8,14.8,.529,4.4,6.3,.699,3.9,7.6,11.5,2.6,1.0,2.6,2.7,7.2,20.0,,111,100,williaa01
427,Alvin Williams,PG,27,TOR,82,82,2927,7.4,17.9,.415,1.1,3.6,.321,6.3,14.4,.438,1.9,2.6,.736,1.1,4.1,5.2,8.6,2.5,0.5,2.8,3.5,17.9,,102,104,willial02
428,Eric Williams,SF,29,BOS,74,30,1747,4.3,11.4,.374,0.7,2.6,.279,3.6,8.9,.401,4.8,6.5,.731,1.7,4.8,6.6,3.2,2.3,0.2,2.8,5.3,14.0,,96,103,willier01
429,Jason Williams,PG,26,MEM,65,65,2236,8.9,23.2,.382,3.0,10.1,.295,5.9,13.1,.449,1.9,2.4,.792,0.5,4.1,4.6,12.2,2.6,0.2,5.0,2.4,22.6,,95,107,willija02
430,Jerome Williams,PF,28,TOR,68,32,1641,6.3,12.8,.490,0.0,0.0,,6.3,12.8,.490,4.5,6.7,.676,5.4,7.3,12.7,2.5,2.6,0.8,2.2,5.0,17.1,,113,102,willije01
431,Monty Williams,SF,30,ORL,68,19,1284,7.9,14.5,.547,0.0,0.2,.000,7.9,14.4,.553,3.5,5.4,.657,3.2,6.2,9.4,3.9,2.0,0.7,3.4,5.4,19.4,,108,105,willimo01
432,Scott Williams,PF,33,DEN,41,16,737,6.2,15.6,.396,0.0,0.1,.000,6.2,15.5,.400,2.2,3.0,.732,5.9,9.2,15.1,0.9,1.2,2.4,2.5,7.1,14.6,,93,106,willisc01
433,Shammond Williams,SG,26,SEA,50,2,603,7.2,17.3,.420,2.5,6.7,.373,4.7,10.5,.449,2.8,3.5,.795,1.4,4.2,5.6,7.4,1.9,0.2,3.1,3.1,19.8,,108,108,willish01
434,Walt Williams,SF,31,HOU,48,25,1117,8.1,19.3,.419,3.8,8.9,.426,4.3,10.4,.413,1.9,2.5,.784,1.8,6.1,7.9,3.4,0.9,0.5,2.6,5.2,21.9,,107,111,williwa02
435,Corliss Williamson,SF,28,DET,78,7,1701,12.9,25.3,.510,0.0,0.2,.200,12.9,25.1,.512,7.5,9.3,.805,3.7,6.3,10.0,2.9,1.5,0.8,4.3,7.1,33.3,,107,104,willico02
436,Kevin Willis,PF,39,HOU,52,5,865,7.9,17.9,.440,0.0,0.1,.000,7.9,17.8,.442,4.1,5.5,.747,6.6,12.2,18.8,0.9,1.6,1.4,2.6,6.2,19.8,,104,104,willike02
437,Loren Woods,C,23,MIN,60,0,516,3.4,9.9,.344,0.0,0.2,.000,3.4,9.7,.351,4.5,6.2,.733,4.7,7.8,12.5,2.3,1.7,3.5,3.7,6.2,11.3,,91,101,woodslo01
438,Metta World Peace,SF,22,TOT,55,50,1642,8.6,20.4,.423,1.7,5.4,.312,6.9,14.9,.464,4.4,6.5,.667,2.3,6.3,8.7,4.1,4.5,1.2,3.8,7.0,23.3,,96,100,artesro01
438,Metta World Peace,SF,22,CHI,27,26,823,9.8,22.6,.433,2.3,5.9,.396,7.5,16.8,.446,5.2,8.3,.628,2.6,5.9,8.4,5.0,4.8,1.5,4.4,7.0,27.1,,98,101,artesro01
438,Metta World Peace,SF,22,IND,28,24,819,7.5,18.2,.411,1.1,5.0,.215,6.4,13.1,.485,3.5,4.8,.733,2.1,6.8,8.9,3.2,4.2,1.0,3.1,6.9,19.5,,95,99,artesro01
439,Lorenzen Wright,C,26,MEM,43,33,1251,9.4,20.5,.459,0.0,0.1,.000,9.4,20.4,.461,2.9,5.2,.569,5.5,11.6,17.1,1.9,1.3,1.0,3.0,5.3,21.7,,96,104,wrighlo02
440,Wang Zhizhi,C,24,DAL,55,0,600,9.4,21.4,.440,4.1,10.0,.414,5.3,11.4,.462,3.6,4.9,.737,1.6,7.9,9.6,1.9,0.9,1.6,2.2,7.2,26.5,,110,107,zhizhwa01